Actual,Predicted,Readmission_Probability
0,0,0.00015419927649613894
0,0,0.09042678425903668
0,0,0.03919029326722377
0,0,0.05871194540221442
0,0,0.03234495907223581
0,0,0.0001259176842765226
0,0,0.1932656933415051
0,0,0.06438249531390998
0,0,0.24796046495804408
0,0,0.11406070949641818
0,0,0.0694509316147381
0,0,0.018312600988636366
0,0,0.07344956299969625
0,0,5.5494746723263675e-05
0,0,8.474080624236899e-05
0,0,0.0640640800312171
0,0,0.09115500646426973
0,0,0.08369159114463674
0,0,0.24067317103835248
0,0,0.05014165478856696
0,0,0.16665697849931452
0,0,2.6220690174696517e-05
0,0,0.2572041474558357
0,0,0.0416398065669931
0,0,0.03648360538659572
0,0,0.20803357443793516
0,0,0.07957843438651832
1,0,0.05899278673469622
0,0,0.12162166580545844
0,0,0.05023458862044358
0,0,0.14770543793005483
0,0,0.099834108386429
0,0,4.7238652809943147e-07
0,0,0.00021510399264443203
0,0,0.03291203990691438
0,0,0.1025893980748337
0,0,0.08218285575532859
0,0,0.07058347166917664
0,0,0.060456374057406094
1,0,0.12796062825415036
1,0,0.1636312109533087
0,0,0.0843256993395233
0,0,0.04212179617523017
0,0,0.06191634135311768
0,0,0.08123667429525087
0,0,0.07215860129389885
1,0,0.32520038381000466
1,0,0.0953672516177488
0,0,0.035397064344016974
0,0,0.16350739767458314
0,0,0.029063274102627042
1,0,0.00023707683780665312
0,0,0.17647782946054613
0,0,0.18207217982294716
0,0,0.10811185242330135
0,0,0.05738557968087462
0,0,0.09444322737368152
0,0,0.0495144627387822
0,0,0.044879933747160844
0,0,0.15002486950328303
0,0,0.06644915758482617
0,0,0.00014286968131324145
1,0,0.23474160631537772
0,0,0.08710229788622659
0,0,0.06774147837792474
0,0,0.029532977351267208
0,0,0.02165776802986986
1,0,0.07833890491352782
0,0,0.059967508826926884
0,0,0.12656506584938088
0,0,0.16585430732501405
1,0,0.00023085533800458255
0,0,0.08068347487022023
0,0,0.09470202729979132
0,0,0.03026189780700578
0,0,0.13496213902531246
0,0,0.08048757705896104
0,0,0.04903052988280933
0,0,0.22408739122178375
0,0,0.1539733502853807
0,0,0.19536214477597402
1,0,0.12391485923332539
0,0,0.09783863142910122
0,0,0.09820706741013661
0,0,0.2128967029732079
0,0,0.2418816018481278
1,0,0.3450431017049089
0,0,0.1523097924209477
0,0,0.10415959739565511
0,0,0.04612690179057816
1,0,0.047510792676597975
1,0,0.15521053774881713
0,0,0.09148025485325968
0,0,0.06309938242800779
0,0,0.15305571415301694
0,0,0.00024753897614564267
0,0,0.06893296003588587
0,0,0.06316498786001008
0,0,0.11111064367454092
0,0,0.15478587028048774
0,0,0.15527225844462647
0,0,0.05942236124522611
0,0,0.053915966571993316
0,0,0.311590474533205
0,0,0.22100849031898054
0,0,0.08102603232582878
0,0,0.06693909157449442
0,0,0.1479838365906405
0,0,0.0565081497101344
0,0,0.004609912884925495
0,0,0.15065915033800995
0,0,0.06257433211871938
1,0,0.1722059982304858
0,0,0.1249659135969432
0,0,0.19661112965816485
0,0,0.047032744630045975
0,0,0.10877805460921725
0,0,0.07504303416629399
0,0,0.07767621709140546
0,0,0.13796190070040704
0,0,0.21899125054708957
1,0,0.12749281042911356
0,0,0.4730640011985451
0,0,0.15118626964352613
0,0,0.08263809730088953
0,0,0.05128994145560717
0,0,0.10803303731765698
0,0,0.000152854753812947
0,0,0.15145195221088495
1,0,0.05137027397198832
0,0,0.05537317326279375
1,0,0.1819148843729529
0,0,0.481901166029765
0,0,0.261792747633255
0,0,0.00013946565488854343
0,0,0.05337621604403515
0,0,0.09336407867017824
1,0,0.00010127285806606627
0,0,0.1519319036096664
0,0,0.10286628368650938
0,0,0.05309458128901272
0,0,0.32546432599121033
0,0,3.9722214068257387e-05
0,0,0.0632392815743828
0,0,0.00021766022672984
0,0,0.10528433213745607
1,0,0.0353698898482872
0,0,0.07544132445962444
0,0,0.12434581256139184
0,0,0.05291501026333504
0,0,0.07909888331587135
1,0,0.34286077117664443
1,0,0.18522292520314412
0,0,0.06440686499005908
0,0,0.05632693469211465
0,0,0.0034730644410370867
0,0,0.13340444508390908
0,0,0.1503105387816867
1,0,0.12243715784563347
0,0,0.04402402748167004
0,0,1.336845388868485e-05
0,0,0.0009448210384104236
0,0,0.049949027648307956
0,0,0.0382479066429803
0,0,0.14584231113074597
0,0,0.4058704188432658
0,0,0.07414808721632621
1,0,0.09621900394850923
0,0,0.40290479113091643
0,0,0.30221684734056026
1,0,0.1154566880008972
1,0,0.051094117933873064
1,0,0.3969802943690617
0,0,0.04731743986722246
0,0,0.050767035083463675
0,0,0.07584933501445631
0,0,0.06691075057954905
0,0,0.11625262865608116
0,0,0.1501623910770612
0,0,0.006155651944746462
0,0,0.08060734466852856
0,0,0.08253924964849653
0,0,0.07429339411671765
1,0,0.2718557731104017
0,0,0.4213508655886688
0,0,0.15803472015468534
0,0,0.09222316077710445
1,0,0.3111362932243348
0,0,0.06992617284467526
0,0,0.05154548721378071
0,0,0.31448695797129994
0,0,0.0962493506498388
1,0,0.14974407355635583
0,0,0.07848116165788165
0,0,0.0006047435255515105
0,0,0.09230711406772636
0,0,0.07870825817425268
0,0,0.047396386182991655
0,0,0.11337262289997897
0,0,0.0001538359903554588
0,0,0.2774771206467644
0,0,0.13514953543259423
1,0,0.11431491738152222
0,0,0.14048292150421865
0,0,0.39194941723957083
0,0,0.08458134854429016
0,0,0.00012401943356604744
1,0,0.1621014511765049
0,0,0.0003913537368502041
0,0,0.13328226904384963
1,0,0.11629550162199442
0,0,0.14306623215981382
0,0,0.11690004337784637
1,0,0.4939372858508578
0,0,0.13272485501633013
0,0,0.15472182146956104
1,0,0.10107165662691131
0,0,0.4188508580885898
0,0,0.04510617569737744
0,1,0.7150636935185088
0,0,0.08614916874024595
0,0,0.13906793868467593
0,0,0.13312339198824782
0,0,0.07717450129424014
0,0,0.08690273677855852
0,0,0.06513654520495628
0,0,0.07629859068500992
0,0,0.08213138386737098
0,0,0.10258976065757251
1,0,0.4224527227419214
0,0,0.10315559726795408
0,0,0.09086239944746237
0,0,0.10133195535242283
0,0,0.04925229196308907
1,0,0.11574858193663974
0,0,0.2552809824317071
0,0,0.05412960212615374
0,0,0.019851286327248467
0,0,0.4489890412100667
0,0,0.002877345396932354
0,0,0.104067293121705
0,0,0.04751438606010734
0,0,0.09833146693013305
0,0,0.030605025324425397
1,0,0.1500739891268687
1,0,0.22670562074091538
0,0,0.07794656022761028
0,0,0.00014313268258976265
0,0,0.18032327969858497
0,0,1.661739019833308e-07
0,0,0.11344416175525615
1,0,0.08109003612416431
1,0,0.08365428250851586
0,0,0.06757420247656085
0,0,0.18149819920965757
0,0,0.08122862818459507
0,0,0.08177565008408252
0,1,0.6828950725593557
0,0,0.0425398172760225
0,0,0.07294350258190438
0,0,0.07384331335962271
0,0,7.485838973105836e-05
0,0,0.0951806457619707
0,0,0.08330366259426059
0,0,0.10438295128739485
0,0,0.2488080822736567
0,0,0.01647358343702753
0,0,0.11321885672139217
0,0,0.3266481711273934
0,0,0.13371834576683994
0,0,0.08603462808352978
1,0,0.02686896759558759
0,0,0.0800080961987627
0,0,0.25776112825104214
0,0,0.05961912217797705
0,0,0.15565387185778012
0,0,6.7257310021357e-05
1,0,0.24931749613046356
0,0,0.35874631758794745
0,0,1.048568731778815e-07
0,0,0.05282573139500502
0,0,0.1668758258297723
0,0,0.13093353383786202
0,0,2.8629449933272895e-06
0,0,0.09244614089536791
0,0,0.26560422080635965
0,0,0.31409239413105267
0,0,0.11937461188584818
0,0,0.061378597337555574
0,0,7.042119549056579e-07
0,0,0.029617550093497376
0,0,0.09617728854475255
0,0,0.14982387871024486
1,0,0.0950989453443083
0,0,2.383330024030333e-05
0,0,0.00010777335278938045
0,0,0.04625445079128141
0,0,0.07690022610278521
0,0,0.0687543610009451
0,0,0.004020169145120217
0,0,0.12366618232314222
0,0,0.15359188090802264
0,0,0.02630900864494204
1,0,0.3232872442712834
0,0,0.0781965608513825
0,0,0.08792330655091063
0,0,0.17645529543530564
0,0,0.04845913521034116
0,0,0.057285432290729
0,0,4.3666260238004335e-05
0,0,0.09638246091045927
0,0,0.0020710816413246954
0,0,0.0001620626510961935
0,0,0.06055210354303264
0,0,0.1730133497708914
0,0,0.055308069317488065
0,0,0.06028773701810052
0,0,0.33263643788693453
0,0,0.17101255134697252
0,0,0.052958729721874875
0,0,0.1000886517620986
0,0,0.052220001668960354
0,0,0.1898145125409141
0,0,0.2786520919169953
0,0,0.14585134877482597
1,0,0.3574211115603769
0,0,0.03425910371498405
0,0,0.0665862316825824
0,0,0.0001763124245811985
1,0,0.21830874637591063
0,0,0.10887826602483217
0,0,0.10540747309520301
0,0,0.14016395653571118
0,0,0.06588075304864037
1,0,0.16905958079565883
0,0,0.13950305311012004
0,0,0.07157972694080779
0,0,0.0007320937654405698
0,0,0.0798306883176874
0,0,0.09215830239000705
0,0,0.04910128114497163
0,0,0.00010664884779435224
0,0,0.15969335727786246
0,0,0.2648716949697104
0,0,0.11312474816345179
0,0,7.274274934427434e-05
0,0,0.14366829940489306
0,0,0.1481907267799121
0,0,0.07632910760094098
0,0,0.12994450443266017
0,0,0.34400755219649826
0,0,0.07874899671334666
0,0,0.00013260415510553286
0,0,0.08409157712079328
0,0,0.114868175595125
0,0,0.046707823545566234
1,0,0.029287943772668724
0,0,0.000581258818589971
0,0,0.10272485331515444
0,0,0.07766920122787623
0,0,0.1660519470402771
1,0,0.0650971074153733
0,0,0.06149452384609646
0,0,0.038012764628648624
0,0,0.06212636030586134
0,0,0.13305718704978886
0,0,0.008386173896448265
1,0,0.07782463770995922
0,0,0.04657916885866406
0,0,0.0010591592007832414
0,0,0.37872319673314286
0,0,0.33974966506030213
0,0,0.24872164753719536
1,0,0.34894501252890825
0,0,0.1996186755959878
0,0,0.07905000456285165
1,0,0.04561201785273312
0,0,0.04259043659810073
0,0,0.012013040018560347
0,0,0.09646583774424365
0,0,0.039916902513751844
0,0,0.050551814591091114
0,0,0.11038341492186253
0,0,0.0003700377410346788
0,0,0.040501493606306234
0,0,0.028879952617729535
0,0,0.053587249526996714
0,0,0.27882089625771156
0,0,0.1415394985541478
0,0,0.07780676249796632
0,0,0.17456485483636933
0,0,0.13338700863510927
0,0,0.19947894171566505
0,0,0.00016890980414473427
0,0,0.14069467177489123
1,0,0.18782649053435035
0,0,0.12966983716204036
1,0,0.14120751773732543
0,0,0.08440232615548207
0,0,0.1745010900639354
0,0,0.00045566734872807304
0,0,0.05138868848373014
0,0,0.22873011635385213
0,0,0.08946303626867486
0,0,0.06550337202017426
0,0,0.08895586835119189
0,0,0.07863369985139304
0,0,0.32128743560929574
0,0,0.07451095729325204
0,0,0.049559100376747774
0,0,0.16719727406832455
1,0,0.14212803086374415
0,0,0.28145995089858
0,0,0.08818356990161315
0,0,0.04581978443342893
0,0,0.04682282956139431
0,0,0.03007471404313068
0,0,0.1330302986088308
0,0,0.2779987297568259
0,0,0.13207685495495536
0,0,0.0597721578889956
0,0,0.04094755990132049
0,0,0.012390634552567416
0,0,0.06908492873966436
0,0,6.712064661483194e-05
0,0,0.04868705813626513
0,0,9.576960006785443e-05
0,0,0.14489693184490868
0,0,0.12448281819524272
0,0,2.2979457067916523e-05
0,0,0.06408513626543888
1,0,0.13099579297782563
0,0,0.2334064012256069
0,0,0.028908670569609825
0,0,0.14677367627978516
0,0,0.04710281510638915
1,0,0.06548554061669061
0,0,0.27857334493715724
0,0,0.03885172097700953
0,0,0.05435302973497052
0,0,0.002800643076204786
0,0,7.933457865156145e-05
0,0,0.040434623784471414
0,0,0.29596164750295606
0,0,0.19333980445060212
0,0,6.910536151400886e-05
0,0,0.08100650544517689
1,0,0.04795624140592761
0,0,0.07643856212040276
0,0,9.17211738904476e-05
1,0,0.0001487796776018333
0,0,0.18866626712598616
0,0,0.03914200379482739
0,0,0.1604091162775671
0,0,0.1765028139201524
0,0,0.05283657215786233
0,0,0.0003859562457503893
0,0,0.09713768348487675
0,0,0.09854274155749176
0,0,0.02838669393395959
0,0,0.19536219511854502
0,0,0.17471886252141922
0,0,0.18472786559058385
0,0,0.1034928702791527
0,0,0.1511215784907719
1,0,0.33201957032226076
0,0,0.06371766421416612
0,0,0.12031279104611753
0,0,0.06493765846097675
0,0,0.26604060542748537
0,0,0.06898242703256077
0,0,0.045470521919486785
0,0,0.23929714279442674
0,0,0.12708013617723998
0,0,0.0594833012413734
0,0,0.08639592390424727
0,0,0.08117179871143032
0,0,0.3031270281529636
0,0,0.05923317622377916
0,1,0.5473576772187075
0,0,0.006686280774544121
0,0,0.14540888941226182
0,0,0.05978813051545603
0,0,0.030384065830607043
0,0,0.02322506623921711
1,0,0.05266078594051088
0,0,0.00028578986733565295
0,0,0.28833724326957655
0,0,0.2628166586293405
0,0,0.13196674412143133
0,0,0.06564445009025897
0,0,0.33750454401151303
0,0,0.055973036299670466
0,0,0.0011063752834294782
0,0,0.03460516436620539
0,0,0.15576991225907155
0,0,0.08197355726172605
1,0,0.042792498852245196
0,0,0.09053271113056983
0,0,0.00013617609334792616
0,0,0.12814612804655798
1,0,0.0004047041026251544
0,0,0.08332234253130465
0,0,0.15389313556005804
0,0,5.4190812239201e-08
0,0,0.03902089689886334
1,0,0.12823538040087792
0,0,0.10563286717535278
0,0,0.12139571913466256
0,0,0.12084596216600786
0,0,0.03856084216932643
0,0,0.09007656215426514
0,0,0.12480724167729465
0,0,0.0798411131761461
0,0,0.33056859150674284
0,0,0.11968522927167854
0,0,0.037868094882607416
0,0,0.1288966905082357
0,0,0.0607114334877764
0,0,0.11529268919133023
0,0,0.22208189799380423
0,0,0.00038837830732292306
0,0,0.057030333751980425
0,0,0.22456275034875292
0,0,0.050080059061019755
0,0,0.007638626546616585
0,0,0.05708548464666645
0,0,0.06225732629486394
0,0,0.13703857104862868
0,0,0.17685710323547793
0,0,0.08343438213794037
0,0,0.11728001269230101
0,0,0.08652523010907821
0,0,0.20144646120442486
0,0,0.1825557652392228
1,0,0.031046498625586134
1,0,0.12160954169859407
1,0,0.16838639609298822
0,0,0.06004803918829901
0,0,0.0576620609149023
0,0,0.07720228844094744
0,0,0.17894535199189526
0,0,0.02584559015569444
0,0,0.04571293118048164
0,0,0.00023879655482764793
0,0,0.05215146692765902
0,0,0.08791186726096206
0,0,5.5080612798709184e-05
0,0,0.08589755266298303
0,0,0.036319297636895675
0,0,0.04694284491090556
0,0,0.037588304440403335
0,0,0.06736412318795398
0,1,0.6271824778284771
0,0,0.047768245779572845
1,0,0.1192491289265554
0,0,0.04032178152073742
0,0,0.09825533026030285
0,0,0.06332029758362846
0,0,0.1563475930033206
0,0,0.215452780806857
0,0,0.00036575093959451013
0,0,0.01672613832859904
0,0,0.41819061728731793
0,0,0.049528540053564114
0,0,0.09035564120496585
0,0,0.2495948261790802
0,0,0.09196171207770774
0,0,0.010239698561374112
0,0,0.0925137416691662
0,0,0.07580406251523635
1,0,0.10488675497564491
0,0,0.05424243126245418
0,0,0.04971096457639152
0,0,0.19126217714166446
1,0,6.267136487214657e-07
0,0,0.04361440346396936
0,0,0.2705295831150073
0,0,0.00031554112221996144
0,0,0.1186664373360114
0,0,0.1521169243683121
0,0,0.1396275346864138
0,0,0.09347370896895874
0,0,0.3183427330829964
0,0,0.039085634348512074
0,0,0.08327564027598952
0,0,0.05055170819833271
0,0,0.10637684982259976
0,0,0.13515030842148046
0,0,0.23639291309851423
0,0,0.012474887331785381
0,0,0.07079182352617483
1,0,0.13429756318208363
0,0,0.06237392856201669
0,0,0.08498887000114294
0,0,0.059214450496471074
0,0,0.11602030758766572
0,0,0.14649971934051262
0,0,0.13802704325804147
0,0,0.058639035221225023
0,0,0.040345926432429235
0,0,0.1299677638935445
0,0,0.06539111694753047
0,0,0.07913434992503368
0,1,0.9568468610893273
0,0,0.18647060383446776
1,0,0.3735320429419783
0,0,0.09547534843556471
0,0,0.18707797889462466
0,0,0.03769965244377105
0,0,0.05440941401722584
0,0,0.05747563802362038
0,0,0.16401678346011841
0,0,0.20968499755364198
0,0,0.08990714116343679
1,0,0.06943315254057472
0,0,0.15548745262021343
0,0,0.1469282201272853
0,0,0.0002533255215678753
0,0,0.10397275221712478
1,0,0.067594622646725
1,0,0.20044798296734964
0,0,0.13519631203777024
0,0,0.23702828670756454
0,0,0.13483095110743895
0,0,0.0004579815373356778
0,0,0.11526467692084473
0,0,0.08856841681758286
0,0,0.11590138567494583
0,0,0.00015997598611609465
0,0,0.24943299830808208
0,0,0.07645250008974099
0,0,0.0757417219681929
0,0,0.0949972827637094
0,0,0.10323842961429323
0,0,0.047628085682696886
0,0,0.14284995482295665
0,0,0.00010476519296391965
0,0,0.05715275729108606
0,0,0.22274061505352785
0,0,0.07832086223300683
0,0,0.2278272155880482
0,0,0.00019400434708634543
0,0,0.07363329520577117
0,0,0.030358003252122238
0,1,0.6444609538659432
0,0,0.12540029948393563
0,0,0.11870739502051854
0,0,0.00010201498724018637
0,0,0.2664506289595156
0,0,0.09853080725519708
0,0,0.06924170995752818
0,0,0.18654302214830099
0,0,0.12463188073732757
0,0,0.32975445136869264
0,0,0.3304411700173068
0,0,0.10063970824032595
0,0,0.17482346718472644
0,1,0.5877940867097212
0,0,0.05777514069199473
0,0,0.20999036576636587
0,0,0.15857426166106534
0,0,0.3445226702129028
0,0,0.16032052445706868
0,0,0.06215810248915922
1,1,0.5022055920648203
0,0,0.1309475250846655
0,0,0.09599352115053808
0,0,0.06991672588555631
0,0,0.11576550220953373
0,0,0.10577434804917757
0,0,0.07454105945869459
0,0,0.12276281646134218
0,0,0.09637474217619132
1,0,0.050266218368192825
0,0,0.12243586347758086
0,0,0.4459725822564732
0,0,0.09982168790777618
0,0,0.00012944829638571778
0,0,0.055638782912068405
0,0,0.1397034564860517
0,0,0.15420046337137788
0,0,0.03806074825364787
0,0,0.11129642123675854
0,0,0.22930376889175716
1,0,0.05006803076162083
1,0,0.07732296121849339
1,0,0.08271310618010164
0,0,0.06209125124201646
0,0,0.08245864981583628
1,0,0.29839660895575953
0,0,0.021194225560931857
0,0,0.023307882331708364
0,0,0.03852189070443124
0,0,0.0775042825370842
0,0,0.036458267013772215
0,0,0.16199549356035145
0,0,0.09791831298418935
1,0,0.07792195827503472
0,0,0.17131802699810972
0,0,0.07498714495955569
0,0,0.2065439261647477
0,0,0.0007493858711138004
0,0,3.5846639853440064e-05
1,0,0.15056163822759433
0,0,0.015557925831296223
0,0,0.050805431104216724
0,0,0.2000391225391119
0,0,0.01265261231355477
0,0,0.20363994571325425
0,0,0.12941757041781002
0,0,0.052106870290269953
0,0,0.2533467267586324
0,0,0.0001132678842218252
0,0,0.0005190589241275217
0,0,0.3099490719721346
0,0,0.0003477901722937402
0,0,8.155979510505123e-05
1,0,0.1512052123713549
0,0,0.12639896458775965
0,0,0.046567847175819806
0,0,0.0221925862224661
0,0,0.09242350286328499
0,0,0.1035452992103215
0,0,0.04872600114921334
0,0,0.14552575433986148
0,0,0.040751181843542636
0,0,0.15376202684872198
0,0,0.44981244965018985
0,0,0.04287267890383836
0,0,3.130555600827349e-05
0,0,0.04906355739929788
0,0,8.637400503678537e-05
0,0,0.037896434685739465
0,0,0.13964515381557885
0,0,0.03025181068067897
0,0,0.08717189005466532
0,0,0.2858427487852939
0,0,9.760239810132224e-05
0,0,0.020330116130434173
0,0,0.18228010370268513
0,0,0.22260243099402802
0,0,0.050015128204105704
0,0,0.0002459136784254622
0,0,0.09044892735842205
0,0,0.2183158834675443
0,0,0.07153927148212602
0,0,0.26632374061937336
0,0,0.05079926320620405
0,0,0.0832879212261608
0,0,0.11253896382670182
0,0,0.038571804660044125
0,0,0.0273098217682311
0,0,0.16273916395075236
0,0,0.00021316758797025918
1,0,0.00011324285699947824
0,0,0.1141709067872797
0,0,0.20087221651469983
0,0,0.03900843408605167
0,0,0.05513271842824514
0,0,0.3066377378639382
0,0,0.13364378712834865
0,0,0.0789271209883122
0,0,0.00029123825785235045
1,0,0.13411208116821027
0,0,0.0970208977501112
0,1,0.54262667172998
0,0,0.0645481324259598
1,0,0.09407121309430255
1,0,0.04588597916200563
0,0,0.1593360971402923
0,0,0.08641044753108298
0,0,0.201351731292752
0,0,0.18749335850525975
0,0,3.69930820658417e-05
0,0,0.1463294565997291
0,0,0.22335172032318193
0,0,0.13290839954781244
0,0,0.2182137648376613
0,0,0.00031585242558254803
0,0,0.0492743655081019
0,0,0.10126863139166829
0,0,0.4843427728694762
0,0,0.027967006897703938
0,0,0.045636506932205154
0,0,0.06411862828826645
1,0,0.00032320119298990906
0,0,0.09666545868402417
0,0,0.0004676207379646645
0,0,0.08598375786548924
1,0,0.2804936770906605
0,0,0.0851027344498181
0,0,0.10621635820848002
0,0,0.11624568297331137
0,0,0.17087149738431248
1,0,0.07919176286816196
0,0,0.08339283406766186
0,0,0.10704009593024753
1,0,0.4572427817008046
0,0,0.11183628225103469
0,0,0.09501056441179524
0,0,0.08915525618252032
0,0,0.09774306137767427
0,0,0.0002786138855603675
0,0,0.006577078553843254
0,0,0.14374769944224122
0,0,0.10604279698898475
0,0,0.035282937780557896
0,0,2.569587304483506e-07
0,0,0.09469905590362336
0,0,0.11767069728663548
0,0,0.0005968256677407323
0,0,0.07699408876771927
0,0,0.12092082757655494
0,0,0.11982428258009334
0,0,0.047366181336119056
0,0,0.16662136013701562
0,0,0.14149261370739655
0,0,1.6144236624670066e-06
1,0,0.11201419373948017
1,0,0.3485687688074983
1,0,0.15028244218329148
1,0,3.2613820793259346e-06
1,0,0.11792012151836084
0,0,1.681391914475818e-06
0,0,0.13601587827209613
0,0,0.04571112082045765
0,0,0.04158608958672187
0,0,0.04638964559819046
0,0,0.19254130597292562
0,0,0.146095205586443
0,0,0.04826215251183676
0,0,0.04434716698941001
0,0,0.1367330536812147
0,0,0.05287455730722959
0,0,0.17874503609778292
0,0,0.10065304444256257
0,0,0.0530591306778575
0,0,0.1016771053468975
0,0,0.09081582021001672
1,0,0.26906432733426183
0,0,0.22984630261265415
0,0,0.1062030469543974
0,0,0.1493690255106808
1,0,0.04916089795347195
0,0,0.008215589745848838
0,0,0.07666779237401716
1,0,0.11559232709551923
0,0,0.21544583389834462
0,0,0.19243777197826864
0,0,0.13616548191877925
0,0,0.11437630032306811
0,0,0.0945447324925664
0,0,0.00016482964113999747
0,0,0.046360105031277465
0,0,0.04903368415311468
0,0,0.06853566722189214
1,0,0.2939954917243107
0,0,0.49732364402621604
0,0,0.08496617212098492
0,0,0.33750340068945633
0,0,0.09346423625477136
0,0,0.08676633169268208
0,0,0.09002142883863036
0,0,0.08645036709228389
0,0,0.2662679203861636
0,0,0.023575388444539404
0,0,0.11033961931038713
0,0,0.21750234408356478
0,0,0.1482549753701908
0,0,0.027552821198069948
0,0,0.25771014322338914
0,0,0.06052380062015843
1,0,0.316176349698959
0,0,0.00024220460294083123
1,0,0.2107488497089464
0,0,0.03890243388449866
0,0,0.249538251759502
0,0,0.11862799770033568
0,0,0.13218850146002678
0,0,0.09752077654815777
0,0,0.06695601516076188
0,0,0.08879856977139618
0,0,0.09363520364654697
0,0,0.06842751832649285
0,0,0.17961361145835975
0,0,0.02903823634824725
1,0,0.1763041150460797
0,0,0.11351338584820998
1,0,0.1743283381185878
0,0,0.06881807826474329
0,0,0.056027652369239185
0,0,0.0355009090678038
0,0,0.0501092349273984
1,0,0.07977115939107636
0,0,0.12780347418156504
0,0,0.0716798947997912
0,0,0.10790432317519665
0,0,0.07963944390734617
0,0,0.10540467969313341
0,1,0.8428055143696999
0,0,0.1176280567921769
0,0,1.963270755373334e-07
0,0,0.07543667771685901
1,0,0.09349821852316152
0,0,0.025151224517671694
0,0,8.861962790336941e-05
0,0,9.964167113467408e-05
0,0,0.00010793904279106585
0,0,0.19363448553587276
0,0,0.19683547130746545
0,0,0.10676972302909775
1,0,0.10522614267627949
0,0,0.047678397774611615
0,0,0.03844391117878792
0,0,0.06460872962701573
0,0,0.08632782745805052
0,0,0.22390407983873703
1,0,0.31898843038706015
0,0,0.12988304906727635
0,0,0.338363286795509
0,0,0.07016570336793339
0,0,0.0013834876391873336
0,0,0.13255882470583072
0,0,0.07118635869975871
0,0,0.0005021246731705087
0,0,0.21217677315855554
0,0,0.08887354233452108
1,0,0.13843112790699985
0,0,0.14835473862009313
1,0,0.4328746185488187
0,0,0.008465102251862278
0,0,0.022922566756648926
0,0,0.1353808384133383
0,0,0.08930151230915427
0,0,0.00012919722206754895
0,0,0.19664237163760867
0,0,9.305135065988818e-05
0,0,0.31682823063711596
1,0,0.00010736576043327238
0,0,0.028951858859502792
0,0,0.017751846361207278
1,0,0.29446963481825217
0,0,0.07677202203806006
0,0,0.0004930651827926614
0,0,0.07572082561620584
0,0,0.024687728273396638
0,0,0.0002470996276125007
0,0,0.04828208561331715
0,0,0.14582034228905283
0,0,0.07311400035230013
0,0,0.14019026118526243
0,0,0.07490501005775659
0,0,0.07403862278682274
0,0,0.16590795419521168
0,0,0.11138540602457067
0,0,0.06367244079161198
0,0,0.047669348106717024
0,0,0.038755094717503796
0,0,0.040951580405892175
0,0,0.10361345498321126
0,0,0.06292348739440386
0,0,0.052779999374546756
0,0,0.10724829594521527
0,0,0.17655191278354862
0,0,0.3374010722773775
0,0,0.1342891236862844
0,0,0.15590461313733822
1,0,0.11192723330681333
0,0,0.11627677035939728
1,0,0.032681509451183255
0,0,0.17155972470593006
1,0,0.11308139180317706
1,0,0.13947910179682307
0,0,0.04423125292471041
0,0,0.15994281623387321
0,0,0.022427710672613736
0,0,0.07468164825295462
0,0,7.588312596837555e-07
0,0,0.13000780803897521
0,0,0.1946604835571031
0,0,0.054153489749088776
0,0,0.09470123383482065
0,0,3.849990211709446e-05
0,0,0.2744824071017367
1,0,0.1023563367373264
0,0,0.06147291644853262
0,0,0.05446634437783872
0,0,0.1498663609630093
0,0,9.090291529640563e-06
0,0,0.00015459552578333977
0,0,0.04573278899020921
0,0,0.1910561691394089
1,0,0.11001890597453212
0,0,0.03604997999856064
0,0,0.15968921601920824
0,0,0.00010572045872611041
0,0,0.00012385853568363378
1,0,0.40670559653940397
0,0,0.1505500054934896
0,0,0.05354991276766446
0,0,0.05942591550122601
0,0,0.00012031609156310594
0,0,0.008996269610261577
0,0,0.1539894511119886
0,0,0.18250550394655632
0,0,0.08882805599719816
1,0,0.0003411228183518716
0,0,0.000673474056992594
0,0,0.08279902699366884
1,0,0.11981984313684706
0,0,0.29673766873469787
0,0,0.07242206521506665
0,0,0.08818845997648783
0,0,0.14682891876003265
0,0,0.11078795326187843
0,0,0.03315666037368509
0,0,0.026168393551272845
0,0,0.10786477223558986
0,0,0.10454535153708838
0,0,4.070377172549314e-07
1,0,0.07863885342912329
0,0,0.03421204311944777
0,0,0.051270997719596964
1,0,0.3245235538292164
0,0,0.29204825319908106
0,0,0.02235515617831391
0,0,0.05731399127265784
0,0,0.0978105412444943
0,0,0.15270269358288785
0,0,0.07235613536215166
0,0,0.10516315291014053
0,0,0.11009644647442247
0,0,0.145966070350949
1,0,0.14506892935777493
0,0,0.0011372362496981398
0,0,0.054045709265411475
0,0,0.11205831980167869
1,0,0.07263896021059489
0,0,0.17208608894950542
0,0,0.06290462237831222
0,0,0.1428842518742825
0,0,0.07889171854023856
0,0,0.04841216628364445
0,0,7.103986026736404e-05
0,0,0.1505438133945137
0,0,0.19857391484509979
0,0,0.10830157048376161
0,0,0.07503688447025601
0,0,0.057932305516523314
0,0,0.07397329986481196
1,0,0.17850911441481412
0,0,0.0015995154630210435
1,0,0.20367380997065246
0,0,0.07112821236797837
0,0,0.11353063651372633
0,0,0.012621471785975188
0,0,0.07831396954522246
0,0,0.043063701816361426
0,0,0.030276632872880578
1,0,0.09733312011443528
0,0,0.07589279731318713
0,0,0.00023454076404601175
0,0,0.07178125603085646
0,0,0.12916427856166218
0,0,0.10732272318641581
0,0,0.031905306886508174
0,0,0.07864770280788469
0,0,0.12087812719566543
0,0,0.03183850149001693
0,0,0.00021718448408828293
0,0,0.07183414894378078
0,0,0.05981860117144753
0,0,0.13183569623995334
0,0,0.05302912633751408
0,0,0.16270002727724
0,0,0.0894343976982831
0,0,0.08104009308453101
0,0,0.07549154251130942
0,0,0.07691332607498427
0,0,7.825928375243042e-05
0,0,0.00010434222590453902
0,0,0.046065381052551535
0,0,0.046299296310297285
0,0,0.1086658693679288
0,0,0.12564020640499893
0,0,0.07782164139561774
0,0,0.12329739320855744
0,0,0.0629381527933885
0,1,0.9996679228616225
0,0,0.006555177814452797
0,0,0.1109062569548679
0,0,0.051798492378844235
0,0,0.12405155611579646
0,0,0.31779922022014584
0,0,0.04774065077109862
0,0,0.102367058117553
0,0,0.06124201244138647
0,0,0.0712789948126223
0,0,0.1639823271215069
0,0,0.11302673404359626
0,0,0.10657551168674523
0,0,0.09616928545075855
0,0,0.04236922367086766
0,0,0.1801665232726285
0,0,0.19008608590192475
0,0,0.27863953431104205
1,0,0.05323959054655133
0,0,0.07186412750075995
0,0,0.08254514781711061
0,0,0.18792587921597656
0,0,0.07616817471728407
0,0,0.26642481566809223
0,0,0.060142622282255295
0,0,0.10667078950031239
0,0,0.12301144156690018
0,0,0.13251053423380812
0,0,0.0003952295434536503
0,0,4.8637610628917895e-05
0,0,0.10148041927946545
0,0,0.05911141933059366
0,0,0.13720043007269944
0,0,0.001440654011720304
0,0,0.08085014419658687
0,0,4.311905674325316e-05
0,0,0.06794551855586228
1,0,0.11933837663727051
0,0,0.08059600129924792
0,0,0.09442631306329058
1,0,9.708408133092379e-05
0,0,0.4292983398090339
0,0,0.04181997063334894
0,0,0.04242624947046974
0,0,0.06505591389058264
0,0,0.21346491934038528
0,0,0.06547408228805031
0,0,0.15596741941111694
0,0,0.03808317206120659
0,0,0.17014217783153016
0,0,0.2736003605010384
0,0,0.18633818147062528
0,0,0.1261260380889854
0,0,0.0007699558129335135
0,0,0.1310358431609552
1,0,0.08821486918697946
0,0,0.0003039424174900444
0,0,0.06258041355207448
0,0,0.0643050182760606
0,0,0.024430018349121858
0,0,0.09278360248456165
0,0,0.14187364327929547
0,0,0.020614962662766773
1,0,0.130481243299375
0,0,0.02628089758634777
1,0,0.059842998104876595
1,0,0.1496783235261463
0,0,0.10694127214428674
0,0,0.10324234150442864
0,0,0.01837600726351412
0,0,0.10609048771165419
0,0,0.11979599794974816
0,0,0.25954569156692014
0,0,0.0818026211680556
0,0,0.3857318812621744
0,0,0.18556686958765178
0,0,0.13256985280604486
0,0,0.15449062643833897
0,0,0.08816962740793183
0,0,0.04017330108000145
0,0,0.08829637268047397
0,0,0.06572313847366514
0,0,0.136421391797234
0,0,0.1360505624905938
0,0,0.06248482851411152
0,0,0.29202471001770086
0,0,0.04953010570243813
0,0,0.19444456745318492
1,0,0.1332916860395354
0,0,0.2627959995890221
0,0,0.08056103446279615
0,0,0.06749662329940533
0,0,0.0001765298888393698
0,0,0.21513324915031695
0,0,0.12640015162055077
0,0,0.06083942128319644
1,0,0.15860407070789045
0,0,0.17802612457717465
0,0,0.08178459086506588
0,0,0.1382250135763333
0,0,0.10087371580140692
0,0,0.0001156412631754251
0,0,0.05021360848891182
0,0,0.2912803373235382
0,0,0.010521221524423674
0,0,0.2824769937409097
0,0,0.1747143224172991
0,0,0.12572943921990704
0,0,0.03072471122685129
0,0,0.29808171866504285
0,0,0.31306549197691325
0,0,0.0719702017146827
0,0,0.08613429478043727
0,0,0.06334098073606365
1,0,0.24036154927136766
0,0,0.04126318489382422
0,0,0.09100318602816641
0,0,0.07043844839200931
0,0,0.11638125827048088
0,0,0.13481108039543382
0,0,0.05241985336089523
0,0,0.06370687985020945
0,0,0.3145527854184571
0,0,0.05215074142411602
0,0,0.09096123885662089
0,0,0.04958551996686712
0,0,0.18839110640174433
0,0,0.11184391971222091
0,0,0.21491243251338862
0,0,0.09329907699722485
0,0,0.11778813593424355
0,0,0.10810974411211495
0,0,0.0753027222044347
0,0,0.08361836854207089
0,0,0.041064839091862315
0,0,0.04305015517283582
0,0,0.03665051294698898
0,0,0.056941716714145094
0,0,0.04453094077860649
0,0,0.03715727369877064
0,0,0.08657352475189857
0,0,0.05404559335386635
0,0,0.12928877635841823
0,0,0.04888732684038026
0,0,0.2371159558643655
0,0,0.04964181254529382
0,0,0.049069302519084736
0,0,0.017863191558851615
0,0,0.04857748022416687
0,0,0.045860902916307844
0,0,0.09550059030810529
0,0,0.06369977044479407
0,0,0.1082295528197925
0,0,0.13899817454669403
0,0,0.05802687671060465
0,0,0.056475752930950196
0,0,5.71781576642426e-07
0,0,0.011904224204575447
0,0,0.2451061133369161
0,0,0.00015732983814192446
0,0,2.3145092812381916e-09
1,0,0.2428932745828288
1,0,0.21150137901080937
0,0,0.054275533426173764
0,0,0.025432581226454667
0,0,2.417539381268058e-09
0,0,0.0002683555636467215
0,0,0.023450614447341995
0,0,0.07199318920427601
0,0,0.16125162065292012
0,0,0.09498471724611464
0,0,0.09912782710955154
0,0,0.0001838717614131792
0,0,0.0003204260084255022
0,0,0.038820754300412146
0,0,0.08294711699732833
1,0,0.21993842496496355
0,0,0.1334237481127705
0,0,0.19874033916921088
0,0,0.10128179088227052
0,0,0.0727769656311729
0,0,8.439838763902773e-08
0,0,0.04260102742934568
0,0,0.11112134852617496
0,0,0.12370686636341688
0,0,0.19057596199045693
0,0,0.027409124021348975
0,0,0.06099180754836367
0,0,0.0770142119581856
0,0,0.2236845314347474
0,0,0.03986231826932846
0,0,0.11933519265355637
0,0,0.0656532809792138
0,0,0.138117261710014
0,0,0.02413313565312993
0,0,0.06362145335948272
0,0,1.1909097041874035e-05
0,1,0.6331919614954962
0,0,0.00012764814855266215
0,0,0.3362980780434325
0,0,0.16985933704803594
0,0,0.069799103055489
0,0,0.14526560258080473
0,0,0.09986083795506612
0,0,0.042991724627424587
1,0,0.10727688481594917
0,0,0.020993275587886766
0,0,0.0009784560536823918
1,0,0.1990381880336929
0,0,0.0059179699822377385
0,0,0.018490017958048693
0,0,0.0001449456901861879
0,0,0.11039148469321729
0,0,4.6324995871140326e-05
0,0,0.12030943525552708
0,0,0.053073906788762025
1,0,0.03405158085157353
0,0,0.03196969203629905
0,0,0.1307224882215371
0,0,0.019378736676487446
1,0,0.4705894423355689
0,0,0.10150834727968905
0,0,0.2971956282969245
0,0,0.11176944518400031
0,0,0.12348711502814369
0,0,0.025354389756805193
1,0,0.00019510139926837635
0,0,0.050253436894792204
0,0,0.1626099269164312
0,0,0.16240836766902317
0,0,0.00017899546129093236
0,0,0.1372064636211093
0,0,0.3164053072578391
0,0,0.15411726221664307
0,0,0.02546488211888512
0,0,0.08428864957626085
1,0,0.11391751853692128
1,0,0.20512296766493635
0,0,0.16571802374724223
0,0,0.003771429996387076
0,0,0.06127414041113653
0,0,0.1360724784307483
0,0,0.07994268211116289
0,0,0.09628180720861473
0,0,0.07102232584752508
1,0,0.11770389729306756
0,0,0.05510478529026003
0,0,0.13702102687768186
0,0,0.08055364419337932
0,0,0.11122833764180831
0,0,0.033903762074096615
1,0,0.1967769987659545
0,0,0.13628169025571832
0,0,0.19234676854493
1,0,0.06271498905021712
0,0,0.08878996575024682
0,0,0.1290862155226233
0,0,4.072883465996461e-06
0,1,0.6691726070439206
0,0,0.2034821748320699
0,0,0.09329332725678183
0,0,0.022017258091144357
0,0,6.734192910092515e-05
0,0,0.00018160237886737644
0,0,0.10455539286861196
1,0,0.28619279334080844
0,0,0.1743997613535743
1,0,0.06710155479478139
0,0,0.07372632724214871
0,0,0.01459206389135097
1,0,0.14776434176223838
0,0,0.13218181559559938
0,0,0.06296527243321441
0,0,0.0001649650031561538
0,0,0.10161587228359123
0,0,0.039602817434716775
0,0,0.10689586254828677
0,0,0.0674214601479809
0,0,0.049266633380555765
0,0,0.34154328809962686
0,0,0.37201965911586293
0,0,0.1328393233107925
0,0,0.07599139723622612
0,0,0.16734263844338534
0,0,0.04732839087932172
0,0,0.02663949355950933
0,0,0.03776539971725749
1,0,0.13842735175718882
0,0,0.0003681816119078625
0,0,0.13697019677416847
0,0,2.6950807729086322e-05
0,0,0.1709806290084431
0,0,0.08420218828151674
0,0,0.15827985946379267
0,0,0.09084112371227643
1,0,0.015860907480481298
1,0,0.4221019014317248
0,0,0.04128306215485913
0,0,0.0002758188637814288
0,0,9.831950663082805e-05
0,0,0.05744574682896945
0,0,0.19454610650500326
1,0,0.018267393005316622
0,0,5.140111584683764e-07
0,0,0.16468795742582434
0,0,0.06277049966958088
0,0,0.10042755795305182
0,0,0.1293001129465131
0,0,0.13393126850033668
0,0,0.231392748414601
0,0,0.32114103859949483
0,0,0.06208856275353746
0,0,0.08352955819968311
0,0,0.27886885011499474
1,0,0.18060633697697043
0,0,0.05028345998714688
0,0,0.007487675249755862
0,0,0.11401962020635194
0,0,0.04551300209646056
0,0,0.08839566788027199
0,0,0.013253699857517842
0,0,0.1839608406340239
0,0,0.02144137451761294
0,0,0.06001782632378724
1,0,0.06883440293724351
0,0,0.17896025088928183
0,0,0.14279824718148734
0,0,1.9541863261937508e-07
0,0,1.7464142028710184e-07
0,0,0.044673654138269146
0,0,0.08798172497661955
0,0,0.06190000753075753
0,0,0.11436819111507773
0,0,0.025202660691326782
0,0,0.07592096111793155
0,0,0.05829748271531234
0,0,0.09281304804260689
0,0,0.1949814315885151
0,0,0.1640642489358128
0,0,0.17210279315495627
0,0,0.10805523151718464
1,0,0.04716212230673006
0,0,0.049080791604732374
0,0,0.00028860855374967864
0,0,0.05742821221933081
1,0,0.11479716856278524
0,0,0.15892888334852792
0,0,0.11232431635086558
0,0,0.035185568382256324
0,0,0.00802569543524523
0,0,0.03219248290631112
1,0,1.5165902054095383e-06
1,0,0.1127030955412306
0,0,0.15498676116992227
0,0,0.0420229887698237
0,0,0.010507268608431694
0,0,0.06921150348171892
0,0,0.08244021914048186
0,0,0.18227717496455184
0,0,0.08836890294182588
0,0,0.03862019246319514
0,0,0.03628923571886783
0,0,0.24777713125771997
0,0,0.15438463957762794
0,0,0.17396969361889045
0,0,0.19099525141581009
0,0,0.06305688486738852
0,0,0.059343960709781936
0,0,0.30051276676939725
0,0,0.13456033793907574
0,0,0.06675669949662003
0,0,0.13780248690364627
0,0,0.06197387000776079
0,0,0.07672032141378612
0,0,0.055134477909955126
0,0,6.73753138765185e-05
0,0,0.08547101545414054
0,0,0.10266766122147152
0,0,0.05667969020538618
0,0,0.06048741760371384
0,0,0.10750766321691134
0,0,0.04310572350815577
1,0,0.10958439384373546
0,0,0.1484047691754111
0,0,0.027268086921826112
0,0,0.05063517616195993
0,0,0.11390405602686984
0,0,0.0005892021720065219
0,0,0.06314047135716001
0,0,0.07450701294450801
0,0,0.2222803394214954
0,0,0.10489636658133178
0,0,2.3390197856226836e-07
1,0,0.0014357070862328352
1,0,0.04454927064516954
0,0,0.11373292639140416
0,0,0.0605142299851077
0,0,0.1096292434549799
0,0,3.045143761635866e-06
0,0,0.07643906697401841
0,0,0.08707888070729408
0,0,0.07451553297740317
0,0,0.21485314262030614
0,0,0.11420313175813154
1,0,0.05295913405461444
1,1,0.9313076534486807
0,0,0.1387682638735796
0,0,0.10555007586482676
0,0,0.08243390608759864
0,0,5.866920808434164e-05
0,0,0.09645124886662852
0,1,0.5673505355658309
0,0,0.21758051323853297
0,0,0.06041110262027708
0,0,0.1799034694638066
0,0,0.08332068591035466
0,0,0.046246188302526796
0,0,7.247720999791541e-05
1,0,0.00011110470567397574
0,0,0.00014771582315015495
0,0,0.08560790217098274
0,0,0.04527417790252962
0,0,0.07552536101977114
0,0,0.0001531079118429182
1,0,0.0004512828032668491
0,0,0.09550483061371634
0,0,0.14505068850444924
0,0,0.032754226404449284
0,0,0.3878296288619996
0,0,0.09159934860669756
1,0,0.1246112032378932
0,0,0.244797320274039
0,0,0.0002352160634923424
0,0,0.2862139680532522
0,0,0.11954092370500848
0,0,0.00029654054588253533
0,0,0.09857428540300267
0,0,0.07062050809156782
0,0,0.31362639007381643
0,0,0.0007496621075954626
0,0,0.0076922759695882284
0,0,0.15210644192998377
0,0,0.09093863782955477
0,0,0.1371115938879546
0,0,0.00027105944507991057
0,0,2.054887448637926e-05
0,0,0.19245525664236765
0,0,0.07612586796849795
0,0,0.2696255265477808
0,0,8.083022501281811e-05
0,0,0.1653283786590622
0,0,0.12995113667371
0,0,0.00023632567463233026
1,0,0.06786170633533113
0,0,0.09055089461278058
1,0,0.08557594681964745
0,0,0.09944272480975044
0,0,0.3728504331294607
0,0,0.10442351696376456
0,0,0.08547951277261717
0,0,0.04315624241531422
0,0,0.11501397253716182
0,0,0.19356469005419133
0,0,0.060059713149913936
0,0,0.06228639138126854
0,0,0.024615051446919722
0,0,0.0005181922583402109
0,0,0.22283516556800828
0,0,0.0004080313267528699
0,0,0.05099540692266741
0,0,0.1293826207376655
0,0,0.07290237945607278
0,0,0.04814003503731132
0,0,0.15686411136598458
0,0,0.05277866429378082
0,0,0.13511480570466014
0,0,0.014545256640385891
0,1,0.534143981316505
0,0,0.03207604618859865
0,0,0.10890177986596287
0,0,0.20632114919051595
0,0,0.07531427447510734
0,0,0.07703059401764373
0,0,0.14442615861474373
0,0,0.16108650700472818
0,0,0.3440705141251798
0,0,0.10862460671423649
0,0,0.10489380695282269
0,0,0.16866807584317753
0,0,0.02097815407832412
0,1,0.5355600210467725
0,0,7.475147673088586e-05
0,0,0.05043983218545741
0,0,0.10839708837484259
0,0,0.023689388594276897
0,0,0.2632938244259261
0,0,0.19233151462703846
1,0,0.14331444243132513
0,0,0.026123950459744503
0,0,0.0008605757812133148
0,0,0.32066166779859323
0,0,0.0001429640490444254
0,0,0.0001378607880694408
0,0,0.16388277778684945
1,0,0.3061666735575054
0,0,0.39618468725389555
0,0,0.09122311977233138
0,0,0.14517328868861085
0,0,0.00027182486769782173
0,0,0.0613809305777159
0,0,0.46116842854808315
0,0,0.05253265408220967
0,0,0.00044844756390750244
0,0,0.2772229721623042
0,0,0.05700375304731154
0,0,0.07053153695631059
0,0,0.20337085286365716
0,0,0.26212418416437133
0,0,0.04807661136389252
0,0,0.05537703305823595
0,0,0.14806720117198108
0,0,0.0632124843035242
0,0,0.18224245356170554
0,0,0.05922245724114279
0,0,0.00010229169553114754
0,0,0.11941848817886463
0,0,0.15394742614297982
0,0,0.10466790142161957
0,0,0.015375345275207048
0,0,0.02298637463645131
0,0,0.11735108011324144
0,0,0.0002989692737328811
1,0,0.14098101867781893
0,0,0.03883163099569127
0,0,0.06698000804598561
0,0,0.13107168748912013
0,0,0.08701298047636909
0,0,0.26295463713047734
0,0,0.05297292439352423
0,0,0.19006277887497777
0,0,0.07572691752058358
0,0,0.0996370105727672
0,0,0.00013450110617185587
0,0,0.07911312460450498
0,0,0.15175895278694906
0,0,0.03442706285284497
0,0,0.05988542230691574
0,0,0.0738311484955132
0,0,0.05898342064908676
0,0,0.03588820657681779
0,0,1.4359561668426153e-07
0,0,0.00021429480055400207
0,0,0.012955109236912303
0,0,0.034426485905229905
0,0,0.10423998102521768
1,0,0.4640766268158152
0,0,0.00015490676662815666
0,0,0.15861088324378755
0,0,0.07954720568958831
0,0,0.19540345365618547
0,0,0.2501017666870806
0,0,0.09519126462302899
0,0,0.09812583372716432
0,0,0.08586446511425888
0,0,0.2168845488085171
0,0,0.07120312473376399
0,0,0.00016881158107663678
0,0,0.04289862363704366
1,0,0.13920445019747
0,0,0.07467106863542775
0,0,0.10409361951313685
1,0,0.0004482859578721877
0,0,0.07319323308533314
0,0,0.21652378091738678
0,0,1.0779325806849047e-05
0,0,0.027123084929083555
0,0,0.05603328050448844
0,0,0.39402376175680537
0,0,0.09383886944138446
0,0,0.13320732394856813
1,0,0.0791223425861588
1,0,0.0015029606984127834
0,0,0.00010814953079669631
1,0,0.00010042415704788002
1,0,0.13755240752811293
0,0,0.02451100930246173
0,0,0.07030474709582232
0,0,0.049601383756585904
0,0,0.13330938750238533
0,0,0.14276975883514578
1,0,0.18802082269222714
0,0,0.14435202232349192
0,0,0.07072719679880875
0,0,0.09727234482559555
0,0,0.047403433127724506
0,0,0.09640358453339302
0,0,0.27380168822329476
0,0,8.388493160292924e-09
1,0,0.04835171584573847
0,0,0.10495047956863227
0,0,0.06768857226359472
0,0,0.056072369893879426
0,0,0.09183236008179177
0,0,0.13553262636272326
0,0,0.03455720076238989
0,0,0.1460495485573164
0,0,0.00019497374257388696
0,0,0.03392846888141518
0,0,0.10206587945398132
0,0,0.03037964014135358
0,0,0.06834884225051151
0,0,0.04789417860188353
0,0,0.06749237700686798
0,0,0.08315657361974742
0,0,0.0005196976545738958
0,0,0.069472278479005
0,0,0.0002154278883056673
0,0,0.11435632643854095
0,0,0.07928597114635114
0,0,0.17183182130471836
0,0,0.04898128565220353
0,0,0.43300453767961644
0,0,0.04881603932002852
0,0,0.35986159883091257
0,0,0.29438944134679723
0,0,0.1628432083803647
0,0,0.05970896006546173
0,0,0.17885396812146162
0,0,0.11441722179436735
0,0,0.20700964744835812
0,1,0.6285388762011216
0,0,0.11273520786559561
0,0,0.043330819130340086
0,0,0.06160418931786619
0,0,0.2054734222985947
0,0,0.1092588389141226
0,0,0.13336358062676798
1,0,0.09825517388076299
1,0,0.22283422070774908
0,0,0.11990028764336033
0,0,0.05805846292835555
0,0,0.10798487416597259
0,0,0.056543130791780985
0,0,0.09600072505370137
0,0,0.06391108488801725
0,0,0.1299922265398308
0,0,0.03245527821784294
0,0,0.13821100168848335
0,0,0.1206251328533451
0,0,0.11364847215449222
0,0,0.11630818979926555
0,0,0.0806050273420513
0,0,0.23699590884912441
0,0,0.15982167258308827
0,0,0.06808435675228383
0,0,9.980878756339039e-05
0,0,0.1382154035890887
0,0,0.18798213178586845
0,0,9.386980028834677e-05
0,0,0.06828905467558127
0,0,0.06948375924937658
1,0,0.06812554473450125
1,0,0.07721268194440058
0,0,0.08898695936286176
0,0,0.02637678365278283
0,0,0.06273200552303088
0,0,0.24247845091762507
0,0,0.06934353971322085
0,0,0.10741789844354173
0,0,0.21505846419295577
1,0,0.0559299681572259
0,0,0.09689016284039337
0,0,0.08301659776240587
0,0,0.1403558423725424
0,0,0.09783906871651007
0,0,0.0002074319114663906
0,0,0.03411693028964979
1,0,0.0389776637856828
0,0,0.06140005121833199
0,0,0.0688411498794331
0,0,0.03270891161909677
0,0,0.1598538067027284
0,0,0.2344105099727114
0,0,0.18191084898820123
0,0,0.15658816829232208
0,0,0.064950399052933
0,0,0.02553827603847663
0,1,0.6166585893704553
0,0,0.113585021237729
0,0,0.071126167695401
1,0,0.057247032679488455
0,0,0.39937915491779147
0,0,0.1687684887851288
1,0,0.11245407129477557
0,0,0.0008742645936374525
0,0,0.030443821491903836
0,0,0.06569884061841563
0,0,0.08881655039234644
0,0,0.07924814212033884
0,0,0.052318157848322826
0,0,0.1893615352016883
0,0,0.10030519881618992
0,0,8.963114143821826e-05
1,0,0.0893085156953905
0,0,0.09938663285724714
0,0,0.051820503054877606
0,0,0.12595202302475916
0,0,0.13899239139650624
0,0,0.009591150863334513
0,0,0.05791335615652452
0,0,0.10491072459405024
0,0,0.13399943808860176
0,0,0.07792599094297922
0,0,0.14812848929181915
0,0,0.0656539470532336
0,0,0.06812894583514931
0,0,0.026906113661286896
0,0,0.2160630732400192
0,0,0.10220853270563456
1,0,0.09186874844194141
1,0,0.24455408464482412
0,0,0.049592147122590045
0,0,0.1302860611782526
0,0,0.032038548369372546
0,0,0.08855216721355934
0,0,0.07881034526679205
0,0,0.3692454688486467
0,0,0.08122563124199617
0,0,0.23172632877028065
0,0,0.14763983315143742
0,0,0.41679819953713493
0,0,0.14049825793285392
0,0,0.00017824869165026654
0,0,2.161698881138251e-05
0,0,0.06140390059656461
0,0,0.11178804848307218
0,0,0.02136572631527384
0,0,0.08288826702594299
0,0,0.09985622639567539
1,0,0.12670634058045713
0,0,0.1442951515956507
0,0,0.07964045217197448
0,0,8.997636684555292e-05
0,0,0.12427318732506737
1,0,0.019196179404197898
0,0,0.07690755077246471
0,1,0.577642756741187
0,0,0.00014002456920025273
1,0,0.2798069125248473
0,0,0.14238818158210728
0,0,0.09149162380123506
0,0,0.043217094067606564
0,0,0.00020157773661077868
0,0,0.1656709407759611
0,0,0.00012771998013934042
0,0,0.10124833909819898
0,0,0.15660335534683978
0,0,0.028350575332422953
0,0,0.08887402967109773
0,0,0.10249630956434125
0,0,0.0713865854943447
0,0,0.1896990469855757
0,0,0.21796227266678705
0,0,0.32396683396754683
1,0,0.1708175779455704
0,0,0.03726738542968153
0,0,0.23211038513669238
0,0,0.10554586662467481
0,0,0.0979135773661254
0,0,0.039747003336110566
0,0,0.18628151642216267
0,0,0.07028873206127806
0,0,0.17338329458458007
0,0,0.04702386326224301
0,0,0.027083799893680233
1,0,0.044767366268414883
0,0,0.26207844073299486
1,0,0.07049938232130425
0,0,0.04829293252419295
0,0,0.07955390775779454
0,0,0.04028529581226281
0,0,0.13101803351304736
0,0,0.06531986159966274
0,0,0.12509216755988659
0,0,0.0820137673409525
0,0,0.00037564537689469956
0,0,0.00023392291629748351
0,0,0.04501021490797309
1,0,0.0556391716488784
0,0,0.20108737617313938
0,0,0.1370738627680301
0,0,0.2643949078834382
0,0,0.03735473573492942
0,0,0.08976496547561766
0,0,0.05201608232647589
0,0,0.10573595151534881
0,0,0.0670857437335582
0,0,0.06710336120050271
0,0,0.09573230664952777
0,0,0.20188316246251917
0,0,0.06513108192700007
0,0,0.06784182006235685
0,0,0.15061937532556105
0,0,0.1198680632560115
0,0,0.0367952173921442
0,0,0.060845175989092434
0,0,0.10422125427093007
0,0,0.00014021209140944955
0,0,0.08615836383297468
0,0,0.05474155876201205
0,0,0.15471163498545504
0,0,0.0006802870323710467
0,0,0.26398149513583635
1,0,0.43647442885322985
0,0,0.2923912529237987
0,1,0.9810123278155288
0,0,0.10099175964283798
0,0,0.09959476917546141
0,0,0.042382738203307575
0,0,0.09790184698944648
0,0,0.04415793177124556
0,0,0.0340753724466018
0,0,0.1392318129984356
0,0,3.5580479020075486e-07
0,0,0.21698304317327052
0,0,0.08296501740617672
0,0,0.1014672441297137
0,0,0.06851645725793158
0,0,0.14285397812476816
0,1,0.6479869847108065
0,0,0.07543850852436765
1,0,0.11193610033483689
0,0,0.1903957542478771
0,0,0.04618837708281009
0,0,0.08370581117705056
0,0,0.15722519132795024
0,0,0.09499507391839476
0,0,0.16732423447135408
0,0,0.04547724729728843
0,0,0.058204102566820216
0,0,0.2487844536274223
0,0,0.09718202631942346
0,0,0.0006286018842730505
0,0,0.0001712160801220927
0,0,2.9715954391030025e-05
0,0,0.10241095152934858
0,0,0.252332178950519
0,0,0.22244868594704117
0,0,0.05592095435291305
0,0,0.10531286695389354
0,0,0.07114115880095413
0,0,0.26689705381417006
0,0,0.10809622373103847
0,0,0.0748053256134935
0,0,0.08220328401717807
0,0,0.2843510646828121
0,0,0.04526360658145158
0,0,0.10129205768576577
0,0,0.15172703696067255
1,0,0.0520511321277206
0,0,0.06034115972049833
0,0,0.09100791572998586
0,0,0.13274893319773037
0,0,0.1081221574570176
0,0,0.04853642322495919
0,0,0.3162248000261765
0,0,0.4188165198062823
0,0,0.06702134767590046
0,0,0.1364691479055423
0,0,0.043383797969030594
0,0,0.0001445469479884615
1,0,0.1434345735355852
0,0,0.1742738198510882
0,0,0.06963189165243007
0,0,0.09538515233244046
0,0,0.1601992425051595
1,0,0.06527179145985781
1,0,0.09269423806816238
1,0,0.08186080708207719
0,0,0.14267588096291983
0,0,0.04971023235101875
1,0,0.03730890548600513
0,0,0.19613303271942295
0,0,0.07349225748369667
0,0,0.16979639180168177
1,0,6.9789502224657e-07
1,0,0.0766275638299562
0,0,0.06513990770176323
1,0,0.08288988901510755
0,0,0.07363404367391992
0,0,0.006873454094695863
0,0,0.03540391309062841
0,0,6.312251012994727e-07
0,0,0.13679241248912605
0,0,0.2442062434899951
0,0,0.12120335184696615
0,0,0.00011024642104161698
0,0,0.0963408766753676
0,0,0.00012951042650353534
0,0,0.21466183924162216
1,0,0.10298000002715002
0,0,6.428893503382702e-07
0,0,0.14031542532370236
0,0,0.010046821607567697
0,0,0.10610067064508795
0,0,0.07433800057685525
0,0,0.06254589058844931
0,0,1.4748625727984954e-06
0,0,0.06355005839053783
0,0,0.0004162452766641207
0,0,0.1677314613741249
0,0,0.09326836534966194
0,0,0.011977950392881794
0,0,3.0165333684890106e-07
1,0,0.09042227737552244
0,0,0.06177102717218336
0,0,0.07833269763720593
0,0,0.0005415060637820698
0,0,0.05917091829099064
0,0,0.05802002462321664
0,0,0.07587295812809661
0,0,2.2560867044202598e-07
0,0,0.00013539768919496655
0,0,0.06915643216565774
0,0,0.0291952439264974
0,0,0.03457004646039752
0,0,0.24843182315859996
0,0,0.05408226287791234
0,0,0.23143572948530503
0,0,0.040250109127811205
0,0,0.09406325791524103
0,0,0.1342490626490884
0,0,0.09233278899310002
0,0,0.08974250287709862
0,0,0.052519188437262346
0,0,0.198241347808799
0,0,0.1295837120853138
0,0,0.08075232368314748
0,0,0.0002655150958628881
0,0,0.12003131138106543
0,0,0.05054438680016247
0,0,0.1099301196758045
0,0,0.1201758179773238
0,0,0.020490074781198235
0,0,0.13371191028236962
0,0,0.14478920672146536
0,0,0.037973352950248083
0,0,0.14346484027798534
0,0,0.07355996261354955
1,0,0.1910298782189301
1,0,0.2304189790632384
0,0,0.03593155547573671
0,0,0.23136405397149534
0,0,0.04158551450761812
0,0,0.09247752055909163
0,0,0.18354481750300886
0,0,0.00018275996408465003
0,0,0.057900081945042016
0,0,0.14440100453948196
0,0,0.3429572693219242
0,0,1.8242907604716625e-05
0,0,0.08470391377046946
0,0,0.09804179424318735
0,0,0.2719033721326239
1,0,0.1082677288675483
0,0,2.9798372884654315e-05
0,0,0.05600025063351593
0,0,0.042700276341173994
1,0,0.28147822476521467
0,0,0.033733118412112136
0,0,0.02237105876697625
0,0,0.0053987751590280205
0,0,0.13274421109563092
0,0,0.11282926110730437
0,1,0.5007890447629283
0,0,0.00018387841333293068
0,0,0.14542037384092454
0,0,0.13026171778853526
1,0,0.09655098729453022
0,0,0.18340153254558186
0,0,0.07051609064409549
0,0,0.07112083096341895
1,0,0.2420258101403815
0,0,0.1887172134895382
0,0,0.09209561997949713
0,0,0.00016970077629921594
0,0,0.07541366820333667
0,0,0.06700279032812949
0,0,0.14792852682074523
1,0,0.18182114430300406
0,0,0.32199208318210204
0,0,5.203052847998432e-07
0,0,0.036230006660786275
0,0,0.18895133757235033
0,0,0.07491766316680605
0,0,0.10339940843753168
0,0,0.11688013676101797
0,0,0.22652117255069273
0,0,0.11812322488328245
1,0,0.1068707518767664
0,0,0.04691430225348588
0,0,0.13677831551491018
0,0,0.07212847918405824
0,0,0.0012395016359380848
0,0,0.22309305205728297
0,0,0.016527409200604855
0,0,0.07878410877218564
0,0,8.078692833721964e-08
1,1,0.7236471377245329
0,0,0.06258313683528217
0,0,0.032123286815021114
0,0,0.1394351897008673
0,0,0.1205309348218834
0,0,0.030354742658445816
1,0,0.05625589737511104
0,0,0.16630268625716302
0,0,0.062046149019417324
0,0,0.0017829548967396708
0,0,0.023697300299414317
0,0,0.4166718766330325
0,0,0.03270839677964119
0,0,0.18066363104454156
0,0,0.00011644390916015113
1,0,0.1243065621165746
1,0,0.14250608461519296
0,0,0.15225376482701233
1,1,0.7678611065894532
0,0,0.05886455109333395
0,0,0.12811742064886766
0,0,0.0008498176935047454
0,0,0.11897142459840222
0,0,0.049986041989812977
0,0,0.12398492644193232
1,0,0.0907320659047908
0,0,0.07120606953815622
0,0,0.1252711293380674
0,0,0.0918311315221539
0,0,0.08597832963863052
0,0,0.1604467497201956
0,0,0.0002877109696327243
0,0,0.2639775493232699
0,0,0.07991645623231512
0,0,0.08663604921775624
0,0,0.10711906773404078
0,0,0.05415919159712254
1,0,0.10770748257433607
0,0,0.13151701396781912
0,0,0.0527099817334725
0,0,0.09997139207461324
0,0,0.05726959104254042
1,0,0.2869667044744922
0,0,0.1214754790758547
1,0,0.1531583030703628
0,0,0.13371801631429311
0,0,0.2484753221662056
0,0,0.15755370025098472
1,0,0.10113633072738608
1,0,0.0981005317992586
0,0,0.10365799556974321
0,0,0.1215976347876707
0,0,0.05341009999181135
0,0,0.0857868801040561
0,0,0.09958831069009987
0,0,0.11096081276973226
1,0,0.19888485500645417
1,0,0.1300888552399166
0,0,0.23595374268333985
0,0,0.05013957546106785
0,0,0.050184504568523094
0,0,0.04803623394917621
0,0,0.08648673637250184
0,0,0.11039627391715354
0,0,0.17080133111225404
0,0,0.0001540119919681202
0,0,0.04099202398376681
0,0,0.2065512631231418
0,0,0.16760873118399547
1,0,0.0713623757983013
0,0,0.0003758788769690088
0,0,0.09357816543124903
0,0,0.07015589419182977
1,0,0.2620691084219343
0,0,0.0367673401197037
0,0,0.2378459789563516
0,0,0.1503058324932781
0,0,0.06458448994719557
0,0,0.1295064160685153
0,0,0.06723395689024814
0,1,0.8967851662492123
0,0,0.10201731483098786
0,0,0.017519269298843294
0,0,0.043552676568672274
0,0,0.05477702429842322
0,0,0.051451807136288816
0,0,0.00014708116555213287
0,0,0.20643197324579945
1,0,0.1192870483434288
0,0,8.880521289545496e-05
1,0,0.00019872926449830908
0,0,0.14875901555807192
0,0,0.2131703569855201
0,0,0.04830304251698465
0,0,0.1487742775140073
0,0,0.07170151216520257
0,0,0.09346642333812168
0,0,0.07998841959862785
0,0,0.10593013733601173
0,0,0.052950570813596054
0,0,0.06600558612770507
0,0,0.0717800297177624
0,0,0.13636257170489144
0,0,0.1592455473763358
0,0,0.42131120307098024
1,1,0.5056281971601576
0,0,0.13382876372999858
0,0,0.20734188362858885
0,0,0.013163906638157103
0,0,0.0756176579597987
0,0,0.22279492721869795
0,0,0.06754535300076599
0,0,0.2109107620052206
0,0,0.10265713594365587
0,0,0.18141761504539144
0,0,0.10717865041145734
0,0,0.040307056381903725
0,0,0.05567860759648769
0,0,0.22457475906331464
0,0,0.1010011383837891
0,0,0.0617452646577985
0,0,0.08640011218920568
0,0,0.360235949110422
1,0,0.06059241695651837
0,0,0.03821242493782633
0,0,0.11617843868771048
0,0,0.08667695612034228
0,0,0.00011150769234969276
0,0,0.10383512808798964
0,0,4.40638938954726e-05
0,0,0.2334141144458338
0,0,0.1360430816336339
0,0,0.08135427852679072
0,0,0.3784876997192175
0,0,0.48854824571889616
0,0,0.1409052150689024
0,0,0.11265042873845181
0,0,0.10712367819698153
0,0,0.2123403909794221
0,0,0.07691980554051693
0,0,0.047501598240475264
0,0,0.013737197130992545
0,0,0.020012876636693596
0,0,0.10518041769787206
0,0,0.20064205949459668
0,0,0.053291630709188964
0,0,0.037941007065257486
0,0,0.0879907414858047
0,0,0.12113144654617349
0,0,0.0988206422385406
0,0,0.0442381783168123
0,0,0.1294046788599538
1,0,0.05032600193636867
0,0,0.00010997185500993984
0,0,0.08921238292986171
0,0,0.06354772633179129
1,0,0.15649916831715538
0,0,0.14973168087741617
0,0,0.07207120060051626
1,0,0.09246462568304488
0,0,0.06476775382841926
0,0,0.029714027056870207
0,0,0.15679049320747776
0,0,0.009679739678364512
0,0,0.2023538637600746
1,0,0.4696907394274936
0,0,0.09954302775843388
0,0,0.18857848532974736
0,0,0.11742314014805778
0,0,0.2862532737293306
0,0,0.08343419006264136
0,0,0.0007448604336226715
0,0,1.4693402150292177e-05
1,0,0.06663754009255543
1,0,0.2892664206801512
1,0,0.09009856701258849
1,0,0.12288344617762433
0,0,0.48212190110403014
1,0,0.1471773051781767
0,0,0.2847345123660292
1,0,0.10577170756160481
0,0,0.4375027460280276
0,0,0.23880544774124982
1,0,0.11589175730001547
0,0,0.05130823067089797
0,0,0.12193873849160557
0,0,0.027061829055431006
0,0,0.09667617879777331
0,0,0.05909296115387741
0,0,0.14608003341034934
0,0,0.07496082965147327
0,0,0.07914535479877367
0,0,0.15566757506247977
0,0,0.2805916890942074
1,0,0.08926965999606103
0,0,0.07426378170719458
0,0,0.04072938742477591
0,0,0.12738761832776252
0,0,0.1835909943238434
1,0,0.10679776984195609
0,0,0.05016708464904667
0,0,0.06883156762330309
0,0,0.3034212939311767
1,0,0.393832835969737
0,0,0.08521097967620789
0,0,0.05843836642782596
0,0,3.438281317177689e-07
0,0,0.2519562261870286
0,0,0.10253128740529804
0,0,0.10050188581187808
0,0,7.546104790419079e-05
0,0,0.03926586168666318
0,0,0.19266679207507337
0,0,0.05826195148326996
0,0,0.2176294348798651
1,0,0.00893598307140126
0,0,0.021737895432108828
0,0,0.00018046811809100844
0,0,0.07324599454923046
0,0,0.19536113630806345
0,0,0.18388677197844241
0,0,0.14604925686675854
0,0,0.029914295821598498
0,1,0.5066549195114763
0,0,0.08322064758084267
0,0,0.09031662935472352
0,0,0.12011507922450419
0,0,0.1577573966448417
0,0,0.27415053839284725
0,0,0.11021283314814903
1,0,0.0775329319096045
1,0,0.29388273280701915
0,0,0.1982614734294376
0,0,0.24603568453954153
0,0,0.04711745847556799
0,0,0.31621876405621
0,0,0.05337066529439032
0,0,0.046233321541473096
0,0,0.04671995639788583
0,0,0.04123310576592981
0,0,0.11190515326025924
0,0,2.7443506608053117e-05
0,0,0.07003658122006938
0,0,0.1480898335347107
0,0,0.10222023987568704
0,0,0.10956903992363151
0,0,0.06187771207209284
0,0,3.083432893144248e-05
0,0,0.03935304111485632
0,0,0.0001444089749562969
0,0,0.14362087162485784
0,0,0.12211117317585722
1,0,0.04442159368186707
0,0,0.07213362954524108
1,0,0.08858220565264013
0,0,0.497590674261206
1,0,0.05510269819121042
0,0,0.15532276339147208
0,0,0.04695558040426686
0,0,0.130748914322174
0,0,0.07555206926059214
0,0,0.0009942759346252379
0,0,0.08856245248732221
0,0,0.042542457683949826
0,0,5.552473235768835e-07
0,0,0.12076970713732875
0,0,0.06803331841306286
0,0,0.11929061124350997
0,0,0.09859763215105403
0,0,0.07006764834950456
0,0,0.02154404054253921
1,0,0.06560216988015172
0,0,0.0645084802080399
0,0,0.10908073286628528
0,0,0.07368747084713703
0,0,0.10208671668438654
0,0,0.17413249884290463
0,0,0.19094739419561083
0,0,0.16370478211434922
1,0,0.08082745014934178
1,0,7.364393483359912e-05
1,0,0.18972148166238198
0,0,0.023360707181348486
0,0,0.197490504847243
0,0,0.092634746607845
0,0,0.31898348837549656
0,0,0.018132994619254994
0,0,0.06301254749737889
0,0,0.1120434721774692
0,0,0.0465557726753561
0,0,0.26055986369054424
0,0,0.0005810951786620169
0,0,0.4157813764773998
0,0,0.06073676338018949
0,0,1.410415855518192e-06
0,0,0.05224458851018338
0,0,0.16859213158954348
0,0,3.29149702734321e-07
0,0,0.2629175584238335
0,0,0.06356257650708302
1,0,0.07381643441669002
0,0,0.08675271602932491
0,0,0.24017663280938797
0,0,0.03184347243504886
1,0,0.09754453871472005
0,0,0.0318093482275703
0,0,0.06831902392078665
0,0,0.10310736331902702
0,0,0.06515736032148142
0,1,0.5657815456294338
1,0,0.008530063307933353
0,0,0.07746131762657964
1,0,0.20622570470660806
0,0,0.12184674103408323
0,0,0.01190587670217715
0,0,0.0749573055478636
0,0,0.14456114989855218
0,0,0.2803614920566857
0,0,0.00016872677400623184
0,0,0.02039093495186954
0,0,0.062055518665697036
0,0,0.07326568928235104
0,0,0.05792695170873492
0,0,0.05072134993655497
0,0,0.10663722909409853
0,0,0.07621986359746667
1,0,0.03164422162948902
0,0,0.031630453674373206
0,0,0.0003194260864023531
0,0,0.11996197712542603
0,0,0.030826604890020187
1,0,0.2460346662324479
0,0,0.04580012693095652
0,0,0.10987608942465275
0,0,0.07801900393700113
0,0,5.649557187922152e-06
0,0,0.0756042516737596
0,0,0.11463199887984027
0,0,0.057940833426009516
1,0,0.0370127489570418
1,0,0.11937160966372062
0,0,0.15402732463419538
0,0,0.0716838558863545
0,0,0.036844180702463855
0,0,0.0003339730034736197
0,0,0.07387857496020983
1,0,0.15009195127283612
1,0,0.3401593992101725
0,0,0.14408933589938505
0,1,0.6229531684340376
0,0,0.044543811875461074
0,0,0.20303051707173697
1,0,0.09854967849265835
0,0,0.08969891342599216
0,0,0.06763758882604722
0,1,0.6125982260643833
1,0,0.16779487120249945
0,0,0.09532484174553628
0,0,0.10108395194774164
0,0,0.10911468850575548
1,0,0.2669270175908867
0,0,0.14021452634229425
0,0,0.08098756030158122
1,0,0.31535710913956205
0,0,0.06776310297880779
0,0,0.2704434336354087
0,0,0.2809296703342681
0,0,0.08884390435996853
0,0,0.1012198278410588
1,0,0.0005809637316375208
0,0,0.265301280888954
0,0,0.15038625615037768
0,0,8.469441023439635e-05
0,0,0.10335060944304238
0,0,0.08459080544620481
0,0,7.446714688982419e-05
0,0,0.07542398709141648
0,0,0.057687800890289735
0,0,0.07788605412470812
0,0,0.17968197727612903
0,0,0.03192440229378144
0,0,0.14187828809748582
0,0,0.014572788662226771
0,0,0.0758170362526338
1,0,0.13818877733915097
0,0,0.0809553430182474
0,0,0.07726461758798964
0,0,0.16570551517927018
0,0,0.08464497714749039
0,0,0.22780851359980123
0,0,0.2663242938863068
0,0,0.1317722078651834
0,0,0.14616499523514995
0,0,0.11041280504876216
0,0,0.17515576559819493
0,0,0.04090332419362673
0,0,0.14894426573261269
0,0,0.3657182083705372
0,0,0.11712607922938237
0,0,0.07345112545346191
0,0,0.3532633853036961
0,0,0.09034162150541498
0,0,0.12719094188836588
0,1,0.9997627309452242
0,0,8.043339640805636e-09
0,0,0.07896777815448754
0,0,0.058775246406291067
1,1,0.5270626146883127
1,0,0.0002362716969061878
1,0,0.37089838414106713
0,0,0.0607671516960188
0,0,0.18761558889978847
0,0,0.0001399582642439785
0,0,0.04408337250155875
1,0,0.057378489625868424
0,0,0.019300667207767717
0,0,0.00011522838934063344
0,0,0.08037091717089682
0,0,5.467626177326256e-05
0,0,0.0002651016200277818
0,0,0.08185166930835315
0,0,0.07322780280246928
0,0,0.17165571879941544
0,0,0.025396579789965082
0,0,0.051993018134390674
0,0,0.0904862901692589
0,0,0.16546337678824594
0,0,0.22762702076454558
0,0,0.03728356632164439
0,0,0.13172962226746443
0,0,0.19539866092014657
0,0,0.13132414851185129
0,0,0.03275067989072041
1,0,0.029452280121064434
0,0,0.07585311583186717
0,0,0.27530593612228393
0,0,0.05095380280494856
0,0,0.19325029436615837
0,0,0.05613354137332124
0,0,0.07539334897794753
1,0,0.03158925692680394
0,0,0.13155153606105596
0,0,0.0777326827500708
0,0,0.17745400626928431
1,0,0.2057509716429648
0,0,6.212760884986191e-05
0,0,0.3584931945403472
0,0,0.039402189351833476
0,0,0.08266173657926949
0,0,0.12599534645158786
0,0,0.058314883714382
0,0,0.11427087814074591
1,0,0.00025558057924355215
0,0,0.0674864364393837
0,0,0.08882975377441697
0,0,0.2971480461644843
0,0,0.08900382856768564
1,0,0.24341995288993634
0,0,0.13123618483136995
0,0,0.07936552464861565
0,0,0.07047444579102657
0,0,0.00011642907929526062
0,0,0.17767418102143426
1,0,0.04870378994066301
0,0,0.07935900113828287
0,0,0.0014880059082981079
0,0,0.26900560330447204
0,0,0.1639755624220169
0,0,0.2258402959185169
0,0,0.04269335358697112
0,0,0.05110902432458398
0,0,0.04579303081805113
0,0,0.008780843932007322
0,0,0.005111055211271178
0,0,0.0735513372242817
0,0,0.10263426386286376
0,0,0.06163887214416615
0,0,0.11604976577928876
0,0,0.04991220232036036
0,0,0.1192230081246895
0,0,0.2953777559297462
0,0,0.09391398473541913
1,0,0.4321357708634989
0,0,0.07809949378582974
0,0,0.03559329963564934
0,0,0.055303001531881925
0,0,0.022379105966819447
0,0,0.006183684085400798
0,0,0.03861325664723753
0,0,0.16543730284624691
0,0,0.058491705944041246
0,0,0.055290328944323584
0,0,0.3493194211852094
0,0,0.08325640398812438
0,0,0.04283608864544731
0,0,0.05378617614890876
1,0,0.3231529455448233
0,0,0.06016712363445187
0,0,0.22926404242495943
0,0,0.05199505174090867
0,0,0.1450965513734042
1,0,0.11332700356431105
0,0,0.12612732497563642
0,0,0.04187570472134866
0,0,0.06192083065893201
0,0,0.09243719855474686
0,0,9.249000307706835e-07
0,0,0.23950427411539804
0,0,0.00010736615607674125
0,0,0.10401821560190994
0,0,0.05537139034597856
0,0,0.11033010061249891
0,0,0.10921371566598007
0,0,0.00636467356042323
0,0,0.03779353681244797
0,0,0.11431037308247056
0,0,0.07230919314525122
1,0,0.23605947491881912
0,0,0.07771832803656414
0,0,0.02048956103859748
0,0,0.17102272366525562
1,0,0.05188567340444214
1,0,0.11814882862070762
0,0,0.0930990434407659
0,0,0.04965094886450034
0,0,0.06114926415020251
0,0,0.17803695924598403
0,0,0.01898534206773129
0,0,0.06739356673922718
0,0,0.0001285890116002447
0,0,0.10713123028115352
0,0,0.15260227380694452
0,0,0.010399724854899005
0,0,0.0991312953086683
0,0,0.02826349108698427
1,0,0.026899297710624985
0,0,0.005877270953545307
0,0,0.07186532446853898
1,0,0.1591521061775946
0,0,0.0002625238773188863
0,0,0.00027456330882470785
0,0,0.022390879647034546
0,0,0.0005777209886943694
0,0,0.13456180176695234
0,0,0.00011030750248619507
0,0,0.07293156635071182
0,0,0.20304268287219807
0,0,0.0655471137071338
0,0,0.030479391394959948
0,0,0.12902792008105934
0,0,0.103871841800885
0,0,0.2912062974704278
0,0,0.08871585820136528
1,0,0.15075215599368672
0,0,0.06262217928491841
0,0,0.10629409129005238
0,0,0.13114846444494685
0,0,0.22418782227086032
0,0,0.14038205626449052
0,0,0.05096136437242077
0,0,0.08802315334007824
0,0,0.058607897894855265
0,0,0.13100060071379727
0,0,8.23436668008465e-05
0,0,0.07495687615203886
0,0,0.07348676524855392
0,0,0.1213307288896945
0,0,0.112227544655226
0,0,7.136509759976729e-05
0,0,0.23196581424481963
1,0,0.03518807583979801
0,0,0.07830354556089308
1,0,0.060615768477686544
0,0,0.1165068486756394
0,0,0.05816461469264808
0,0,0.10643075218297594
1,0,0.46365638636612894
0,0,0.1031419673313286
0,0,0.0024607063457235895
0,0,0.4996212296559205
1,0,0.0862462506294921
0,0,0.1341348648627697
0,0,0.10694236961181379
0,0,0.03363602498713503
0,0,0.08364156191011049
0,0,0.1797052590830019
0,0,0.11369428154040463
1,0,0.12520298561951695
1,0,0.241280549811437
0,0,0.10675564982677253
0,0,0.001539064574956975
0,0,0.00015244470096168836
0,0,0.11261987083714542
0,0,0.10390139133766511
0,0,0.03475371788060132
0,0,0.4244363362775867
0,0,0.1882841942677785
0,0,0.2076667806366352
1,0,0.12802342881510795
1,0,0.04753368625513249
0,0,0.0774179101228389
0,0,0.1688325578156337
0,0,0.058103889870887084
0,0,0.10552514102278347
0,0,0.23423383639460543
0,0,0.05501099337237579
0,0,0.05094694611115444
0,0,0.06743813142860165
0,0,0.05515980530854557
0,0,0.038217425884329775
0,0,0.12593249275760313
0,0,0.08668018204982675
1,0,0.17810672765440924
0,0,0.13081116171345533
0,0,0.07302418485031095
0,0,0.15707471465639067
0,0,0.07780813413256427
0,0,0.00014343609630924269
0,0,0.0004996703330783671
1,0,0.08310965748466217
0,0,0.035764311785851745
0,0,0.033640931846923273
0,0,0.10974751446989449
0,0,0.13980909998964006
0,0,0.06524230782970378
1,0,0.13448344694349154
0,0,0.055430856149071395
0,0,0.02096396621196398
0,0,0.06097493915541406
1,1,0.5342867389284005
0,0,0.09814986040166958
0,0,0.08911117991389267
1,0,0.07320501701728675
0,0,0.08247466505635134
0,0,0.14974870877576094
0,0,0.07217883855700534
0,0,0.11712586720200928
0,0,0.053455360471277746
0,0,0.1938866904809721
0,0,0.08341087248542288
0,0,5.1898542700202794e-05
0,0,0.10655871818274319
0,0,0.13101507492174497
0,0,0.07236849983667415
0,0,0.07481475978828869
0,0,0.13771853392776418
0,0,0.054934507249163475
0,0,0.09978989665025359
0,0,0.09180238032698362
0,0,0.03929963802214376
1,0,0.33619707400475335
0,0,0.07211015760562313
0,0,0.12175507459460415
0,0,0.11204285466098426
0,0,0.18167611376449969
1,0,0.12336382174574147
0,1,0.5169379821798309
0,0,0.008460934422716941
0,0,0.1455121915798402
1,0,0.13195623019414152
1,0,0.042837600531363616
0,0,0.3125770380182363
0,0,0.05081291188912739
0,0,0.00013939979796386942
0,0,0.10266306116618004
1,0,0.09852959567686463
0,0,0.2457919177397793
0,0,0.3949221202531105
1,0,0.19778214075830824
1,0,0.24439855652476686
0,1,0.6275790418276906
0,0,0.16134228385285712
0,0,0.03443381604842571
0,0,0.12206583054916435
0,0,9.855291243112791e-05
0,0,0.11151379924830485
0,0,0.08984735400975778
0,0,0.002394329583499899
0,0,0.13891888552720924
0,0,0.00021663194912728656
0,1,0.9985236278990264
0,0,0.05312831854449809
1,0,0.00025236472694250634
0,0,0.08835311006467403
0,0,0.034718039192725744
0,0,0.1882700984718142
0,0,0.45489252778891526
0,0,0.0636662235770934
1,0,0.4275928581618332
0,0,0.17807466315833811
0,0,0.05598113534355091
0,0,0.08915688888213831
0,0,0.1127186594729109
1,0,0.26945192116269207
0,0,0.034202756673740724
0,0,0.0003320684727415736
0,0,0.04391523433611333
1,0,0.17573995722235503
0,0,0.09678702524525189
0,0,0.17252164486999022
0,0,0.3688885520102601
0,0,0.00018789171830190107
0,0,0.1009032217581559
0,0,0.08459099685190105
0,0,0.07674035049216903
0,0,0.12254552681546967
0,0,9.588672464925247e-06
0,0,0.022325494697840374
0,0,0.05763011103590706
1,0,0.3614405068065111
0,0,0.1513079510549819
0,0,0.12637389584045117
0,0,0.10289805829820994
1,0,0.00022125063691143569
0,0,0.00020940496736868042
0,0,0.0355934838733302
0,0,0.10107046567438187
0,0,0.08217487686505201
0,0,0.05994656533603062
0,0,0.0811904405694426
0,0,0.07533752511655498
0,0,0.00028625538267225783
0,0,0.06859196571037718
0,0,0.16368250863390263
1,0,0.1494871970393816
0,0,0.059798473318678
0,0,0.046375947444432554
0,0,0.3640753516558902
0,0,0.11056144353666415
0,0,0.2973103014008753
0,0,0.00025083970995805186
1,0,0.09200150735639935
0,0,1.2509693913967573e-05
0,0,0.05447268281867032
0,0,0.05180413472985014
0,0,0.000821578470950438
0,0,0.06226694881491859
0,0,0.02321408537349891
0,0,0.0010580603711021353
0,0,0.10006212318946184
1,0,0.044093713325242714
1,0,0.09606247894167202
1,0,0.15041503398760894
0,0,0.05475807347536834
0,0,0.07284583023134097
0,0,0.07452244809458379
0,0,0.06879268045330951
0,0,0.04165174725501141
0,0,0.00024335698866910673
0,0,0.07483954754109663
1,0,0.33826561148555206
0,0,0.05155142970598997
0,0,0.004540848838046812
0,0,0.09243779443670416
1,0,0.004568259419519941
0,0,0.03186872475776569
0,0,0.3200032813438665
0,0,0.052691673373433945
0,0,0.33464942875942677
1,0,0.21187675752914195
0,0,0.192028572260828
0,0,0.0003961137067596798
0,0,0.05075945949602503
0,0,0.11272913457938417
1,0,0.08985659662549739
0,0,0.038713388833863396
0,0,0.3772245984536191
1,0,0.02250437332042741
0,0,0.0667467720653494
0,0,0.4060232467484696
0,0,0.15833655363090804
0,0,0.1026816552008158
0,0,0.1770785825398606
1,0,0.11149172621912194
0,0,0.0006268335451150254
0,0,2.2821333124428078e-10
0,0,0.16982305043101373
0,0,0.09300825413460352
0,0,0.00012139656878728322
1,0,0.0476172293986656
1,0,0.1098193199108043
0,0,3.0003861737330724e-05
0,0,0.04191669128738613
0,0,0.0003967269659129909
0,0,0.11816669248805471
0,0,0.05949578133416127
0,0,0.04073781165381293
1,0,0.0686203892317558
1,0,0.16879246287826793
0,0,0.36448713896569174
0,0,0.14100197407243226
0,0,0.06891875898138766
0,0,0.12460113731027135
0,0,0.24773900115911143
0,0,0.019500078864572452
0,0,0.13621001132834856
1,0,0.11246775844715112
0,0,0.061264989462683606
1,0,0.0248112943623424
0,0,0.04821883957939901
0,0,0.020542541964226373
0,0,0.010513328343194591
0,0,0.10481675230614383
0,0,0.000632465611412941
0,0,0.11735515080442713
0,0,0.07336853801430275
0,0,0.1919453710203327
0,0,0.0002077222324756644
0,0,0.00013323209651889702
0,0,0.00021178457545763854
0,0,0.09731541978197655
0,0,0.14062326298775432
0,0,0.0710420263787113
0,0,0.23800379646163733
0,0,0.11986466819723017
0,0,0.00015459320816697011
0,0,0.04830806024317599
1,0,0.0002466959798319018
0,0,0.0581431612828579
0,0,0.07553894122475788
0,0,0.13698373421168722
0,0,4.162078040811939e-08
0,0,0.09987014940766828
0,0,0.00029046789223623236
0,0,0.07131622876913643
0,1,0.7726766868505383
0,0,0.08825328230100553
0,0,0.11412536976842363
0,0,0.0003303308368581923
0,0,0.00029106964843797874
0,0,0.1372781015108811
0,0,0.022621820318293604
0,0,0.14249139654758258
0,0,0.11838982845225572
0,0,0.12128441923054427
0,0,0.11046257148269491
0,0,0.09885283213861706
0,0,0.021618134588191402
0,0,0.33460481811179377
0,0,0.056223230193990205
0,0,0.00012925344559790085
0,0,0.17223367762906266
0,0,0.14411946612693857
1,0,0.2512175194576825
1,0,0.1854606874175095
1,0,0.20514984862733565
0,0,0.15480932338447043
0,0,0.12022951639204016
0,0,1.8354419085753152e-07
0,0,0.17598320896227482
0,0,0.06611075486294264
0,0,0.1248348343914427
1,0,0.00017600077928828876
0,0,0.11718696106455882
0,0,0.004553243725507998
0,0,0.06910071345290596
0,0,0.28133055654588063
0,0,0.24645144329468266
0,0,0.11080855695025982
0,0,0.23994074259820153
0,0,0.30410092340278666
0,0,0.15365539480300885
0,0,0.053365405179206696
0,0,0.14166277514679856
0,0,0.05437486366916178
0,1,0.5147396759553851
0,0,0.42839655880311067
0,0,0.16210238879427694
1,0,0.05941340412518946
1,0,0.11540711515846773
0,0,0.2114960279053059
1,1,0.5050316640379583
0,0,0.06226495267970089
0,0,0.07395912699365915
0,0,0.08391354007456832
0,0,1.7889476026076305e-05
0,0,0.037324104850264196
0,0,0.14372532290236834
0,0,0.051414718095771944
0,0,0.06622862109721847
0,0,0.14509058573917946
0,0,0.07584505029470787
0,0,0.000124403833674562
0,0,0.072540463653298
0,0,0.092092772824827
0,0,0.08875052138035067
0,0,0.044916992158136944
0,0,0.10331192254187307
0,0,0.029494943568685057
0,0,0.051973238723316925
0,0,0.04316223198297382
0,0,0.10706192652188073
0,0,0.07080556462041315
0,0,0.00018139846372453746
1,0,0.14348862305213955
0,0,0.043480736699787984
0,0,0.02461060676554183
0,0,0.3756369569792351
0,0,0.2530922287256637
0,0,0.1267673646725871
0,0,0.13498614280323373
1,0,0.11929115144219689
0,0,0.07436332011484788
0,0,0.08543014456356574
0,0,0.06542177030137002
0,0,0.014073028395658013
0,0,2.6572532241425426e-06
0,0,0.023844006645039658
0,0,0.052012450196027966
1,0,0.1430705938256945
0,0,0.11578396154136031
0,0,0.2049764590537571
0,0,0.12698058516767421
0,0,0.00010186078229112284
0,0,0.07905596669653792
0,0,0.023023428367342204
0,0,0.3163207623281713
0,0,0.02403225551532849
0,0,0.0003928013159863376
1,0,0.08793805458177005
0,0,0.3401562146550723
0,0,9.120450033598995e-05
0,0,0.2089376400801502
0,0,0.0001575084706380889
0,0,0.14233887886329985
0,0,0.18951371404612583
0,0,0.09275033548682304
0,0,0.0598023078739054
0,0,0.04899838410215658
0,0,0.06878380697714026
0,0,0.03392673262677645
0,0,0.05530430008096431
0,0,0.10861117471553358
0,0,0.10026672622061293
0,0,0.032566020921147215
0,0,0.16648342409962713
0,0,0.1262768214149546
0,0,0.08539526442377396
0,0,0.2976062233108344
0,0,0.12301055413310416
0,0,0.07946922890770758
0,0,0.1655154390466876
0,0,0.06924012855230924
0,0,0.12956596456884656
1,0,0.04698855442165887
0,0,0.05907543518226427
0,0,0.22159863199313284
0,0,0.0667159740039245
0,0,0.05376780148251205
0,0,0.07739043281962497
0,0,0.16542955472722215
0,0,0.05552764759391384
0,0,0.06952069631018765
0,0,0.05365774623491086
0,0,0.0007253205244745195
0,0,0.07479894995851408
0,0,0.18035669263180462
0,0,0.05474467536885744
0,0,8.610814940106725e-06
0,0,0.08488381163004452
0,0,0.04975157112852275
0,0,0.18175488865482242
0,0,0.06874101320297733
0,0,0.1819463355313192
0,0,0.10440083327004518
0,0,0.19426141614186435
0,0,0.04971731995702896
0,0,0.08290032341313289
0,0,0.10271005228917078
0,0,0.19587276362162798
0,0,0.06366012979927682
0,0,0.1102361390300116
0,0,0.048808621611587256
0,0,0.4623163230111625
0,0,0.08333797277021122
0,0,0.10552796280731849
1,0,0.3205369730867624
1,0,0.023957478414056717
0,0,0.082607081489898
0,0,0.042351648851890675
0,0,0.1847052576386314
0,0,0.050986388115513176
0,0,0.15559489314161837
0,0,0.08285153791475709
0,0,0.0003555591890982953
0,0,0.08218217286228226
0,0,0.01000449084702348
1,0,7.243960026862459e-05
0,0,0.03157706453793375
0,0,0.42615596603295797
0,0,0.03687242511921551
0,0,0.04617447095396034
0,0,0.1543376614605493
0,0,0.09853287977038085
0,0,0.04906774434771835
0,0,0.09461262329500618
0,0,0.1978414221667738
0,0,0.05946966595190803
0,0,0.12528938028577638
1,0,0.0002204750991426089
0,0,0.10617455632125301
0,0,0.17744199100358501
0,0,0.07667563949294533
0,0,0.036098610639689846
0,0,0.12522389191965733
0,0,0.06141265416458184
0,0,0.18644307721933287
0,0,0.15619839089437457
0,0,0.07734271928289606
0,0,0.0776446049866834
0,0,0.05767183220426184
0,0,0.10227179545838597
0,0,0.22160939020860448
0,0,1.2224201520484975e-08
0,0,0.08229358491842816
0,0,0.3604125876171157
0,0,0.1795694000250258
0,0,0.22513189770645295
1,0,0.1180760910134388
0,0,0.15473703487260082
0,0,0.04428049087375985
0,0,0.11031216149609623
0,0,0.09236576523406999
0,0,0.15596561493035507
0,0,0.057725368517949564
0,0,0.14180691953832925
0,0,0.17069731985233666
1,0,0.054711933255259915
0,0,0.08289709158122031
1,0,0.1636160682153073
0,0,0.0864945779963858
0,0,0.00016639254743754266
0,0,0.03812191330165679
0,0,0.00010179234412895842
0,0,0.09971517868589587
1,0,0.14783850323027403
0,0,0.0004309788526913648
0,0,0.07673571766143386
0,0,0.053875788215842255
0,0,0.09146899579311954
0,0,0.00016710256262589759
0,0,0.0732712477667412
0,0,0.22300729717884907
0,0,0.09235161313966207
0,0,0.08293519510526337
0,1,0.5331281678135225
0,0,0.06199598313895275
0,0,4.7182833067822614e-05
0,0,0.14335138037958348
0,0,0.07343016719889794
0,0,0.05038037335631865
0,0,0.09046665148429904
0,0,0.02002997292900333
0,0,0.00024233175412913515
0,0,0.13254956324234757
1,0,0.4196725879151337
1,0,0.15016281014627927
0,0,0.16529894854866348
0,0,0.0609209934966766
0,0,0.000270101826227093
0,0,0.04733274948260221
0,0,0.06958953402090984
0,0,0.0060993598760036944
0,0,5.67173225437861e-05
0,0,0.09782321786409852
0,0,0.31877979083556685
0,0,0.11227989515594218
0,0,0.06502394697496225
0,0,0.2489934014649721
0,0,0.298500938627192
0,0,0.20144377901414218
0,0,0.05697266731233783
0,0,1.9713722411666236e-05
1,0,0.08324443284830606
0,0,0.07289132053872062
0,0,0.06044860881966789
1,0,0.061684754243069004
0,0,0.05128207010302908
0,0,0.12355216775209953
0,0,0.10906975602687181
0,0,0.03872734726175253
0,0,0.04385934549268201
0,0,0.2945859579874514
1,0,0.03927584788167616
0,0,0.07108467430362649
0,0,0.20461188631839078
0,0,0.08723282787013872
0,0,0.02752860408294907
1,0,0.00032813930771878803
0,0,0.0677456960231244
0,0,0.11648270535251438
0,0,0.0867002545967576
0,0,0.0604035389807812
0,0,0.18498582803252628
0,1,0.7561188317533745
0,0,0.00037578053512659195
0,0,0.09037773638766519
0,0,0.08179592630077727
0,0,0.0003336688669070512
0,0,0.03492621787957458
1,0,0.07519183160284121
0,0,0.1787981347118116
0,0,0.026658356133150825
0,0,0.024845675717134523
0,0,0.02682011317373649
0,0,0.0006244240954715925
0,0,0.07178155725812574
0,0,0.178944576611613
0,0,0.16899680202982847
0,0,0.09878228217673601
0,0,0.08744853412565894
0,0,0.049156491164207644
0,0,0.11683522573541523
0,0,0.06617665202814091
0,0,0.07456502840515603
0,0,0.06775324561365358
0,0,0.11311227752759039
0,0,0.07998583318028135
0,0,0.07530221780247852
0,0,0.18325052921428908
0,0,0.00022654531541592375
0,0,0.00033618640923489574
0,0,0.06077563936794559
1,0,0.19679902465060625
0,0,0.030945145796035536
0,0,0.06738156596419044
0,0,0.10911727790273221
0,0,0.24439343609055725
0,0,0.15392164341529493
1,0,0.13534597163930917
0,0,0.09508685369554021
0,0,0.10405245099752154
0,0,0.12658853170545922
0,0,0.08766447184386607
0,0,0.07783914542946654
0,0,0.05280245082980694
0,0,0.00038320935665659225
0,0,0.06260041510393809
0,0,0.09350469494049905
0,0,0.05739818995006853
0,0,0.14499231266437054
0,0,0.04732906158573606
0,1,0.9995811424420118
0,0,0.05525520100648942
0,0,0.1266199460045244
0,0,0.07214885457946897
0,0,0.05439803709288304
0,0,0.14840979110360264
0,0,0.05879672956135642
0,0,0.10247020643022152
0,0,0.00030544752693473654
0,0,0.09740284121884495
0,0,0.00015715205017401845
0,0,0.045010175993606474
0,0,0.2671261620956293
0,0,0.018140355578304464
1,0,0.14744716786451792
0,0,0.05558416619426007
0,0,0.09388902963118184
0,0,0.09003966792317937
0,0,0.22678032716185892
0,0,0.033702673719081186
0,0,0.2047333125461701
0,0,0.1416020264868868
0,0,0.08202683531417836
0,0,0.09712792953184392
1,0,0.13073662405091174
0,0,0.044410178371208434
0,0,0.00026513742621956955
0,0,0.05746290768271692
0,0,0.03460181662708231
0,0,0.0584368293492599
0,0,0.08902465655062615
0,0,0.08572761389987515
0,0,0.11260053550937668
0,0,0.20694180310536542
1,0,0.31068579805909685
0,0,0.11972108727509768
0,0,0.11127475280940237
0,0,0.10793188169988781
0,0,0.09747142647438846
1,0,0.09242353573712023
0,0,0.4701323862854472
0,0,0.09283866805708178
0,0,9.96650342696148e-05
0,0,0.0003273688087104061
0,0,0.24421319177932233
0,0,0.10023429330300788
0,0,0.00039418256768493587
0,0,0.05907985921360393
0,1,0.9997512577560154
1,0,0.0005691947296267628
0,0,0.07158404143692902
1,0,0.03689817862188617
1,0,0.28225192313656466
0,0,0.40501218141636586
0,0,0.044116651369027114
0,0,0.31709420880564143
1,0,0.29107096026262147
0,0,0.22442462683239084
0,0,0.10392487488808884
0,0,0.08773020999713196
0,0,0.054203134254602256
0,0,0.056761091620891976
0,0,0.04941030160299531
0,0,0.08548151233099612
0,0,0.09539555376380446
0,0,0.04303623331233429
0,0,0.0002853875300132514
1,0,0.053561783814273255
0,0,0.2295616062157362
0,0,0.047169819871127436
0,0,0.06023534420451384
0,0,0.0002316002300868869
0,0,0.026635001891254388
0,0,0.04047230600229181
0,0,0.2505935891707998
0,0,0.05012090650631803
0,0,0.031121044439942732
0,0,0.05588285659952074
0,0,0.06503311351604375
0,0,0.02230012239079842
0,0,0.03710608999436078
0,0,0.04165445072425643
0,0,0.00015465387160648025
0,0,0.0678869061841754
0,0,3.8646766386115284e-05
0,0,0.08315603497954926
1,0,0.12365238091766238
0,0,0.251873146168418
0,0,0.10821355283075937
0,0,0.16887707262628146
0,1,0.5794711414215129
0,0,0.3362259769190662
0,0,0.04728301100528835
0,0,0.1239446335895568
0,0,0.07152868327035428
0,0,0.0321110787815036
0,0,0.12270568244149804
0,0,0.3447770680540782
0,0,0.08523624045996979
0,0,0.16859668824555962
0,0,0.08764133348758037
0,0,0.07667263931067589
0,0,0.04125407355207887
0,0,0.04312416966599246
0,0,0.04582478386748479
0,0,0.09192362083750119
0,0,0.09274702930720602
0,0,0.1445632185600104
0,0,0.059553910694189804
0,0,0.2099692759315193
0,0,0.09812499261352524
0,0,0.091450835691794
0,0,0.11685633960285181
0,0,0.07970900120369828
1,0,0.13710170134357202
0,0,0.00010958774411149667
0,0,0.10487876564861517
0,0,0.24014380352649636
0,0,0.09222233957837171
0,0,0.26970907675135836
0,0,0.058447471654338036
0,0,4.608838978793995e-05
0,0,0.0993104946209504
1,0,0.09431177900895826
0,0,0.09839704204305014
0,0,0.03732746378833639
1,0,0.06383937693972688
0,0,0.1033795013717208
0,0,0.14745564190866348
0,0,0.08876905774949193
0,0,0.3563359190014723
0,0,0.2212237781875832
1,0,0.1021586812747848
0,0,0.1238692780820069
0,0,0.05642770731411162
0,0,0.16710922677594192
0,0,1.2703994042953234e-07
0,0,0.2702239967610193
0,0,0.019396499900988257
0,0,0.2694143574981529
0,0,0.0036400774706145194
0,0,0.277037017025496
0,0,0.19251259119885591
0,0,0.050165079591009486
0,0,0.12509883372849198
0,0,0.05949319660255117
0,0,6.91285707548577e-05
1,0,0.13446239128480358
0,0,0.13567546659421617
0,0,0.052210543159434825
0,0,0.00025650398893927205
0,0,0.12600087374142208
0,0,0.03999400783102018
0,0,0.11250435905509233
1,0,0.16869158549867164
1,0,0.0002697663442761598
0,0,0.2622991341536718
0,0,0.04841833872058325
0,0,0.1487762652879012
0,0,0.08455380797828715
1,0,0.21452895995294158
0,0,0.2587602018164612
0,0,8.026757416619738e-05
0,0,0.031660297261646486
0,0,0.09331969187668022
0,0,0.163708316029467
0,0,0.1263575328612734
0,0,0.022809543192150773
1,0,8.48902292981072e-05
0,0,0.09733438034248312
0,0,0.24441842384305548
0,0,0.21089427264959792
0,0,1.3377068307451293e-06
0,0,0.09427472061996377
0,0,0.1909442147550046
0,0,0.24184082769591414
0,0,0.00017423228602171987
0,0,0.05916771546985399
0,0,0.06922951794893596
0,0,0.014589471005261874
0,1,0.5328403802963168
0,0,0.08141263233919538
0,0,0.0003815704484747783
0,0,1.873438106853846e-05
0,0,0.08613705965951382
0,0,0.09298717837830964
0,0,0.054675393654763295
1,1,0.998866438284419
0,0,0.04946913608907134
0,0,0.23922031991761356
0,0,0.049995254809027875
0,0,0.11453328641695165
0,0,0.1421471752678255
0,0,0.09162132496724676
0,0,0.08840902991382385
0,0,0.46520930804094596
0,0,0.05580515387558226
1,0,0.00025850562145001365
0,0,0.12138887961818288
0,0,0.08394701795028271
0,0,0.0726421735440622
0,0,0.12346963103596925
0,0,0.12674994057828837
0,0,0.20769630542158682
0,0,0.2831727396873141
0,0,0.1491796192881433
0,0,0.22491308562830484
0,0,0.09304296257269727
0,0,0.0955567483743231
0,0,0.15518991268217297
0,0,0.13901930209457655
0,0,0.03542835038949195
1,0,0.13899695533331585
1,0,0.0005635030130619485
0,0,0.0959238526042914
0,0,0.06856637021084781
0,0,0.027258869304020106
0,0,0.1157586133087188
0,0,0.14320973966975592
0,0,0.003354671173912159
0,0,0.09005094010372709
0,0,0.06690897984874192
0,0,0.06347998157513819
0,0,0.3117919890712206
0,0,0.00028105454225549006
0,0,0.13759515479707712
0,0,0.0891082667976632
1,0,0.09592686149852127
0,0,0.19370726124192034
0,0,0.0699726333964447
0,0,0.15979020666324303
0,0,0.0192049156962201
1,0,0.07285054549728406
0,0,0.10505591009549783
0,0,0.03088089486453099
0,0,0.05554486329926074
0,0,0.07568194745252987
0,0,0.06071482219411732
0,0,0.04023653786816552
0,0,0.1398524579276246
1,0,0.23385647233135667
0,0,0.11388258580665848
0,0,0.00017266782284501851
0,1,0.9979359676795574
0,1,0.9994517337991655
0,0,0.033097690956644644
0,0,0.1402816777455883
0,1,0.6085011353588984
0,0,0.49118967839921485
1,0,0.11733890018417971
0,0,0.19138700751458984
0,0,0.0556113081116827
0,0,0.13927114552849568
0,0,0.05913208368367896
0,0,0.11068002316722605
0,0,0.09571049190388067
0,0,0.25012019744747294
0,0,2.545184683805908e-05
0,0,0.09302400356754063
0,0,0.23114378288925944
0,0,0.09938462232526975
0,0,0.0649739004172464
0,0,0.13137775281088795
0,0,0.07992134959239632
0,0,0.47203204940307514
0,0,0.3131952775045821
0,0,0.20361656474955603
0,0,0.22447554473185838
0,0,0.025647442044526382
0,0,0.09625474908216794
0,0,0.3337207363954859
0,0,0.08352395300482006
0,0,0.00013443306980867424
0,0,0.04833173609621145
0,0,0.1798110942100856
0,0,0.04729223527096934
0,0,0.11561072967226095
0,0,0.00013651786297046758
0,0,0.0857808062883549
0,0,0.031493113902972776
0,0,0.18520606006627324
0,0,0.16519906219789937
0,0,0.015110716998015751
0,0,0.08742124692631863
0,0,0.03964429497573334
0,0,0.08500105398042287
0,0,0.0001616456257685772
0,0,0.1480083314549015
0,0,0.00021751558372092893
0,0,0.22818008996591085
0,0,0.0006873064496786518
0,0,0.07371827757562471
0,0,0.0014819565466678744
0,0,0.1601131748628916
0,0,0.16438876754757598
1,0,0.37449127305824187
0,0,0.08518944557812337
0,0,0.22953119414226872
0,0,0.08108321652842326
1,0,0.15947989143382918
0,0,0.015269312550992514
0,0,0.08746495147090068
0,0,0.09528371697694846
1,0,0.0002625584074321529
0,0,0.00038618848789287924
1,0,0.04762136366634346
0,0,0.06182293085648141
0,0,0.1487267783888255
0,0,0.09144964743616532
0,0,0.1015204629649929
0,0,0.07559143322025742
0,0,0.20832852541688834
0,0,0.08075240883525756
0,0,0.30676118190906426
0,0,0.07830001422317832
0,0,0.08449196191408241
0,0,0.19834845527234737
0,0,0.04784121409148226
0,0,0.43558095337576397
1,0,0.14789344109413308
0,0,0.053520361841523076
0,0,0.21061739918779548
1,0,0.00015578445100000092
0,0,0.03134810789864715
0,0,0.0005195833752614466
0,0,0.1257534481315267
0,0,0.02396834606695025
1,0,0.07956176248643998
1,0,0.0809896105329144
0,0,0.077904972653552
0,0,0.2900076900118774
0,0,0.006823654946239697
0,0,0.05403152966926304
1,0,0.32865785901264905
0,0,0.16330362039639687
0,0,0.12682819424171296
0,0,0.09476522989124267
0,0,0.09565624242127226
0,0,0.11350285016185975
1,0,0.10791563277481583
0,0,0.2150995001425755
0,0,0.2694966797419001
0,0,0.06667663020579637
0,0,0.12292080121718317
0,1,0.6849578920974146
0,0,0.16822643242399404
0,0,0.09711904660024628
0,0,0.05916848012124355
0,0,0.12892352169020077
0,0,0.07863642369101204
0,0,0.03726036671957316
0,0,0.05240817062169952
0,0,0.2427535365035968
0,0,0.05643252758286757
0,0,0.03180403288928221
1,0,0.05830798610945588
0,0,0.03734719323974306
0,0,0.06680627744889536
0,0,0.19489895609117316
0,0,0.10196445912743299
0,0,0.12342620057482885
0,0,0.03999324528550595
0,0,0.05111635618405623
1,0,0.09378692683532794
0,0,0.21626857017713824
0,0,0.21719405874599837
1,0,0.00021769240084087865
0,0,0.24123821107379687
0,0,0.18817243672707734
0,0,0.14154685871355968
0,0,0.19936686812600382
1,0,0.1474993735599393
0,0,0.15736067882283997
0,0,0.04449478885100782
0,0,0.00021919679559219348
0,0,0.07221734479335105
0,0,0.00012137902929406367
0,0,0.05263624022701489
0,0,0.1971963326920763
0,0,0.1307305961330132
0,0,0.1269220097641152
0,0,0.10380856941571483
0,0,0.12380950729782393
0,0,0.12415142842452945
0,0,0.1712737501641022
0,0,0.07786025074803052
0,0,0.10851124462058619
0,0,0.05826687743985024
0,0,0.004464268474983879
0,0,0.08930254185919771
0,0,0.07077791093942187
0,0,0.07292836561611782
0,0,0.08103583421494334
0,0,0.13611931392656726
0,0,0.055883140772906764
0,0,0.09561000311655442
0,0,8.061721394491997e-05
1,0,0.13081512282900895
0,0,0.00023571742910134292
0,0,0.33184634080977604
0,0,2.7379355462891177e-05
0,0,0.0992104588952968
0,0,0.009434327836298335
0,0,0.05753600019457042
0,0,0.05823507384512972
1,0,0.13074400111814
0,0,0.20223467569174042
1,0,0.08309237236721251
0,0,0.061814065273077624
0,0,0.13818952015347796
1,1,0.7170501461011227
0,0,0.060452468220378766
0,0,0.09614442607687053
0,0,0.11072967755119556
0,0,0.00024928428068149384
0,0,0.2968009878399334
1,0,0.15333373780831924
0,0,0.19105699977431087
0,0,0.09860870543508804
0,0,0.04975456786753324
0,0,0.2066467138704288
0,0,0.08717646875592416
0,0,0.0002793046823175878
1,0,0.00011837396659167989
0,0,0.04139584039387586
0,0,0.1337904400896369
0,0,0.07451912065755642
0,0,0.1612527227271081
1,0,0.07559932311233904
0,0,0.09656560729954314
0,0,0.004241681710646116
0,0,0.0946024300782014
0,0,0.10828404446732028
0,0,0.0006730999904576693
0,0,0.11774079568273281
0,0,0.15406429320764936
0,0,0.09815418662827372
0,0,0.0001583282493904977
0,0,0.03223786994838523
0,0,0.06953338533172843
0,0,0.14075569696584075
0,0,0.040386676223258644
0,0,0.21287041811276364
0,0,0.1212296791948426
0,0,0.13495315637990088
0,0,0.07501655021971898
0,0,0.005644798685482876
0,0,0.15356151928772124
0,0,5.777588634295548e-05
0,0,0.40310990579342665
1,0,0.20004300380362033
0,0,0.15857132219027403
1,0,0.0004675152118903061
0,0,0.12553726104269614
0,0,0.108111349661854
0,0,0.11738787935969687
0,0,0.039638010444265986
0,0,0.04347542490945819
0,0,0.08158864810958347
0,0,0.11267684494973451
0,0,0.2947807958271333
0,0,0.24920190197429748
0,0,0.14156353432543037
0,0,0.02788064480726874
0,0,0.07922770014480922
1,1,0.5084977043247897
0,0,0.14508359972658852
0,0,0.06853353623265185
0,0,0.12076242748753369
0,0,0.07081859611773429
0,0,0.13423250851693785
0,0,0.05056711713542759
0,0,0.07829381130752117
0,0,0.11658927607248121
0,0,0.03826384586321919
1,0,0.14161396220681433
0,0,0.14445668129219405
1,0,0.00017983478906633598
0,0,0.4623161064948924
0,0,0.1786402656158906
0,0,0.1659549435888059
0,0,0.12503871064797242
0,0,0.0797998962947873
0,0,0.0892171733552453
1,0,6.8166488603527e-05
0,0,0.10207311398437768
0,1,0.5152410590907084
0,0,0.07218830014597766
0,0,0.1472488343803334
0,0,0.04928398233013608
1,0,0.20244759868642076
0,0,0.01998278450441695
0,0,0.13951906367718248
0,0,0.399731096565242
0,0,0.09189817037546635
0,0,0.1196497346552616
0,0,0.04588211680977788
1,1,0.749967842244226
0,0,0.04933583824525384
0,0,0.07619690422082402
0,0,9.89116437376626e-07
0,0,0.23469332820232086
0,0,0.05988741832049805
0,0,0.13144326195708528
0,0,0.00010212820776018534
1,0,0.1516546616264734
0,0,0.1628859726493445
0,0,0.011821764041814191
1,0,0.12943906870363772
0,0,0.1318148570349849
0,0,0.08628354325153613
1,0,0.10497443247728257
0,0,0.0001803115232950488
0,0,0.09370678945620782
0,0,0.0947429807359351
0,0,0.18187825003610722
0,0,0.07699024990965184
0,0,0.159827846135809
0,0,0.19528668942693245
0,0,0.08960959959932743
0,0,0.06300804867601838
0,0,0.09166427404807259
0,0,0.004927319700908322
0,0,0.0764247558380569
0,0,0.08974706667432142
0,1,0.9991167163062176
1,0,0.000249866447654274
0,0,0.1159612338732156
0,0,0.1643019005412571
0,0,0.0812276491132141
0,0,0.0003964007598655595
0,0,0.03258108502330597
0,0,0.10793046004461818
0,0,0.17530058508995383
0,0,0.08360988825848421
1,0,0.0005719544548250406
0,0,0.03333952171217734
0,0,0.11927369065717651
0,0,0.07226058408726153
1,0,0.10394190583875279
0,0,0.10937102240206316
1,0,0.12899065057968523
0,0,0.10627970940172969
0,0,0.07898948108158194
0,0,0.04985779324894218
1,0,0.19931410495010876
0,0,0.11947800810313891
0,0,0.15849786215400466
0,0,0.0002991743083385685
0,0,0.09510634946092995
0,0,0.09712184297690785
0,0,0.10292856689784603
0,0,0.17870948176431395
0,0,0.06101940998855294
0,0,0.000172292778096018
0,0,0.1200593226867436
0,0,0.07661661030202437
0,0,0.11190801467035882
1,0,0.22041664370190978
0,0,0.1500010719650528
0,0,0.0004216433202635269
1,0,0.06344219509152214
0,0,0.08489831726172865
0,0,0.12942868774190303
0,0,0.10062311293985662
0,0,0.09578730873416501
0,0,0.023801392238958233
0,0,0.2210359335408107
0,0,0.2981420443381073
0,0,0.06082471192319292
1,0,0.00013000659377419697
0,0,0.08577045863663392
0,0,0.07871079456285161
0,0,0.11841828931339961
1,0,0.00020284937153511228
0,0,0.0674602571807295
0,0,0.15295737386361946
0,0,0.1977362579048879
0,0,0.05101352507469293
1,0,0.10144762997431099
0,0,0.1641459422236027
0,0,0.09479467479195192
0,0,0.00037126468122371654
0,0,0.13422361368631028
0,0,0.062255249008778275
0,0,0.00029641717007705746
0,0,0.3492628963778475
0,0,0.12291698350693817
0,0,0.060218426384547365
0,0,0.04812682260041171
0,1,0.6149652748789032
1,0,0.046220476016290736
0,0,0.11268838745916371
0,0,0.13028602770908726
0,0,0.08608304357266276
0,0,0.00035007907389220496
0,0,0.1205063383519673
0,0,0.00018751356204040504
0,0,0.0381692279140813
0,0,0.05647787505335313
0,0,0.05252036720979032
0,0,0.05206054433891473
0,0,0.027470499548205695
0,0,0.08990744035624536
0,0,0.0002145900787391765
0,0,0.08008180294594641
0,0,0.12749222854179104
0,0,0.08195676251177537
1,0,0.08433997038643658
0,0,0.38984594464245953
1,0,0.21972130741602056
0,0,0.20648861782592284
1,0,0.09474046274594054
0,0,0.06247838493795868
0,0,0.10357390320201014
0,0,0.04759943443160914
1,0,0.13838333062299693
0,0,0.10679229478873963
0,0,0.08039994147582959
0,0,0.2373341610249321
1,0,0.16337452382034537
0,0,0.13067374426745929
0,0,0.10711892399978987
0,0,0.05797761732782892
0,0,0.06858788392234451
0,0,0.00011983828103174699
0,0,0.00015781841790405088
0,0,0.05686299709683247
0,0,0.25876099356876714
0,0,0.011148418226099613
0,0,0.10569262988805213
0,0,0.09375824850654331
0,0,0.00010138129137271717
0,0,0.09228053647438626
0,0,0.0002577236451637285
1,0,0.051802233285215535
0,0,0.00014403978842594348
0,0,0.04386303385829563
0,0,0.08889201909091082
0,0,0.22451180324173184
1,0,0.08754841052193928
0,0,6.705863780510019e-05
0,0,0.04591891353745532
0,0,0.19791407322035753
0,0,0.23257512073556308
0,0,0.31761381915434245
0,0,0.04638086546861665
0,0,0.08689100248784296
0,0,0.07835098924293316
0,0,0.04911052067763115
0,0,0.4398161080416844
0,0,0.19020532738167478
0,0,0.18052341373017763
0,0,0.09900015526372592
0,0,0.1541647808698174
0,0,0.08158419626988317
0,0,0.14248259063863578
0,0,0.011057915925540597
0,0,0.12830198470727006
0,0,0.0030525450621094576
0,0,0.16155207554944215
0,0,0.18332974265032773
0,0,0.2970439274928711
0,0,0.08030001671760083
0,0,0.04020837513712982
0,0,0.11565558726164694
0,0,0.19130188408211318
0,0,0.11045456666398346
1,0,0.09742695300398589
0,0,0.11922685119594822
0,0,0.09042986707450357
0,0,0.0833703700537343
0,0,0.11270722117559837
0,0,6.375920970589483e-05
0,0,0.23465225904556322
0,0,0.05971879370623318
0,0,0.10352126321242809
1,0,0.18690325254794257
0,0,0.08493240236652021
0,0,0.15159329651936823
0,0,0.12027212630823507
0,0,0.06458104254167805
0,0,0.04395126057274895
0,0,0.2605018716194374
0,0,0.10760816911183475
0,0,0.024166328645140133
0,0,0.03311995040017561
0,0,0.024107179097098252
0,0,0.07825913067152498
0,0,0.23766359605073573
0,0,0.10698942669116278
0,0,0.12670942628977727
0,0,0.07116662747654197
0,0,0.03619611883259908
1,0,0.25501335783555185
0,0,0.02775492026943149
0,0,0.03242839960702297
1,0,0.09173463204908047
0,0,0.3352693096600988
0,0,0.06915198743451795
0,0,0.07198799928260943
0,0,0.18209207341310849
0,0,9.6604529392829e-05
0,0,0.2632778164298368
0,0,8.840654560373467e-05
0,0,0.06985524230968956
0,0,0.11587253118306602
0,0,0.0750075507955616
0,0,0.16466280448562037
0,0,0.1314833193233657
0,0,0.04033173556232852
0,0,0.0395562165636807
0,0,0.0005600180714976186
0,0,0.08992922493732242
0,0,0.18877323403567642
0,0,0.22374606219082782
0,0,0.0983824210871675
0,0,0.034499093090927455
0,0,0.09071209170374643
0,0,0.2355474412406812
0,0,0.19058740310395436
1,0,0.38736690353035436
0,0,0.11996112863756017
0,0,0.19365221435262497
0,0,0.38881164655281863
0,0,0.0670653667901632
1,0,0.18315251408612368
0,0,0.10869177412255651
0,0,0.13265907465217663
0,0,0.09234058000564492
0,0,9.598974466325741e-05
0,0,0.18070195962309915
0,0,0.03958249711581307
0,0,0.23445030247207888
0,0,0.0222147406669988
0,0,0.05694937725328729
0,0,0.048463158540313064
0,0,0.15719008568887916
0,0,0.07857831037613461
0,0,0.08948196270724376
0,0,0.00029826910312316814
0,0,0.065102306391399
1,0,0.20053241148167975
0,0,0.10855022555628091
0,0,0.04993752742271088
0,0,0.13370070220518138
0,0,0.17232385100059802
0,0,0.046657132583125
0,1,0.6080863831398678
0,0,0.08638743860972814
0,0,0.05978088520204665
0,0,0.19692583866146568
0,0,0.03760419325756065
0,0,0.19629773478751844
0,0,0.059516720112281554
0,0,0.215161584127321
0,0,0.043842462210599446
0,0,2.719808515712071e-08
0,0,0.10371483181321177
0,0,0.0001494895146645441
0,0,0.04689189850539629
0,1,0.5734662211475867
0,0,0.0567095624612685
0,0,0.06400148783653031
0,0,0.02576652309722299
0,0,0.23453944655089218
0,0,0.07210911190308872
0,0,0.04613933839388884
0,0,0.0070774130190828025
0,0,0.06720247769605878
0,0,0.25972147611176477
0,0,0.0901294063770419
0,0,0.0053564039326046585
0,0,0.2920771575713366
0,0,0.00028467399702907577
1,0,0.0652938957283364
0,0,0.09243741502819795
0,0,0.04109586835721158
0,0,0.08122146821851153
1,0,0.12162989329943104
1,0,0.06697567717236046
0,0,0.011773711049340805
0,0,0.032882489873198105
0,0,0.030658833383665176
0,0,0.06259573784265257
1,0,0.06638024574878355
0,0,0.24633792325310633
0,0,0.06540247823785873
0,0,0.04363350888026533
0,0,0.04150455187536373
0,0,0.017124735191362032
1,0,0.20693267722286576
0,0,0.08161797659639584
0,0,0.04730016677074934
0,0,0.06689971399987096
1,0,0.08587144034177244
0,0,0.00034835870256436937
0,0,0.10182118660753649
0,0,0.05528545487405595
0,0,0.03731769245237545
0,0,0.08912545880455616
0,0,1.0920546358653945e-09
0,0,0.08703783798090824
0,0,0.039432389908059216
0,0,0.06743895729084504
0,0,0.1639332495255444
0,0,0.17550419852521348
0,0,0.05913298520277601
0,0,3.5878805323503422e-06
0,1,0.6936841868763949
0,0,0.11148382663308415
0,0,0.11505046539326942
1,0,0.04395272266382708
1,1,0.8840529261366201
0,0,0.2786901835681953
1,0,0.0294716286104648
0,0,0.13376099478144515
0,0,0.15286845705510022
0,0,0.04870050816713564
0,0,4.0048865803889784e-05
0,0,0.03708324382399617
1,0,0.03670147649767423
0,0,0.06726843611333051
0,0,0.2828193395778954
0,0,0.11331882718336292
0,0,0.03593663712051524
0,0,0.05781071230738482
1,0,0.051026539939123816
0,0,0.03140879950461249
1,0,0.1314355790890146
0,0,0.07824079738122686
0,0,0.06193441042560587
0,0,0.024128731091420396
0,0,8.98372191260965e-05
0,0,0.00041539157550546667
0,0,0.35543936186182834
0,0,0.18389447752750854
1,0,0.03968356839620765
0,0,0.06950522436788562
0,0,0.08858994670863837
0,0,0.07957669827782557
0,0,0.07828801371567577
0,0,0.1713630637096879
0,0,0.09199901711780306
0,0,0.1934070293675712
0,0,0.07768023961320783
0,0,0.11285663425577987
0,0,0.0972259475206715
0,0,0.3303219894334507
1,0,0.2986121240702926
0,0,0.052586306374193086
0,0,0.015796406405393624
0,0,0.08452742134623749
0,0,0.0002906315751993202
0,0,0.0367362229147437
0,0,0.056576839718853376
1,0,0.2148729800368663
0,0,0.14942524579291455
0,0,0.05337000737515261
0,0,0.025346147528501603
0,0,0.11300524879629043
0,0,0.03150149370424967
0,0,0.08664668442393347
0,0,0.049250215603265396
0,0,0.04877563931372184
0,0,0.054826218389265366
0,0,0.049685105872972236
0,0,0.08874710530247748
1,0,0.3177970968572425
0,0,0.06787508677135194
0,0,0.01195811436028697
0,0,0.08554749072303898
0,0,0.000409146419418066
0,0,0.1928709825136897
0,0,0.03629023060878358
0,0,0.04537184926809519
0,0,0.0607398533597514
0,0,0.13120403386629242
0,0,0.16820440907184
0,0,0.24986891951079632
0,0,0.2999305765417475
0,0,0.028333294577851473
0,0,0.08825306413799483
0,0,0.05911566451853037
0,0,8.109102152322844e-05
0,0,0.09012268820806019
0,0,0.08752126847908585
0,0,0.22266531147897703
0,0,0.17053600281401046
0,0,0.09300763722011161
0,0,0.021394479489405538
0,0,0.16092204644938926
0,0,0.00014711054981845988
1,0,0.25905942278363897
0,0,0.0639204366627781
0,0,0.032918811357626136
0,0,0.17174109593283754
1,0,0.07100896194488941
0,0,0.3372471095959216
0,0,0.1404173612671175
0,0,0.0996712732035237
0,0,0.021604167890979915
0,0,0.14072962942608883
0,0,0.13615279591671722
0,0,0.09162238792408023
0,0,0.050672914572955224
1,0,0.000210490406540691
0,0,0.08743530364129475
0,0,0.3705212144800145
0,0,0.09544009302917185
0,0,0.099841738126645
0,0,0.08796616707238956
0,0,0.14151378344379828
0,0,0.09045712228704618
0,0,0.11222312682356202
0,0,0.10421447580523818
0,0,0.3714020240490128
1,0,0.02399075467163829
0,0,0.09218901455299082
0,0,0.1693369167602136
0,0,0.2274791065728417
0,0,0.0554299325438536
0,0,0.05040788211107343
0,0,0.11262906096863201
0,0,0.1400666016017424
0,0,0.09777642498935994
0,0,0.19134599415288298
0,0,0.19899437654190127
0,0,0.13343593267154752
0,0,0.415696998148187
0,0,0.09420588899349708
0,0,0.148541166284501
0,0,0.16856332796093831
0,0,0.16904269620215667
1,0,0.0002972486597860899
0,0,0.07845994566013721
1,0,0.24233254090038803
0,0,0.0702374040816365
0,0,0.031232291096004536
0,0,0.09711807466018456
0,0,0.23494647255140455
0,0,0.07207505766530972
0,0,0.16692349441247625
0,0,0.06301682890968859
0,0,0.081879481323248
0,0,0.25018751033326037
0,1,0.5161015511222478
0,0,0.1538277613431329
0,0,0.10292021189601815
0,0,0.20828423518116249
0,0,0.45229028724342635
0,0,0.35046751223090405
0,0,0.09497954879252445
0,0,0.04817544375334614
0,0,0.073242896873942
0,0,0.02957231616588515
1,0,0.22783348894242042
0,0,0.10343020662530927
0,0,1.966626049673952e-06
0,0,0.0003533745723105327
0,0,0.1751913892739021
1,0,0.022383463879310495
0,0,0.07644395537164063
0,0,0.051016052652327205
0,0,0.0001586512146242611
0,0,0.17240788229594653
0,0,0.0784829095318915
0,0,0.16839591577955412
0,0,0.03706150264688974
0,0,0.24709871272412218
0,0,0.08852903169388623
0,0,0.018799993449954266
0,0,0.17693447971917908
0,0,0.14677332733489912
0,0,0.13007172220719931
1,0,0.16356917636837306
1,0,0.1044858865970469
0,0,0.269567329424926
0,0,0.0595540504679965
0,0,0.24540153720952884
0,0,0.13240186518715177
0,0,0.10930687916623497
0,0,0.1657175476746205
1,0,0.07894976231714558
0,0,0.14998216100272463
0,0,0.07946446807750149
0,0,5.516793244818294e-05
0,0,0.16660763899216743
0,0,0.15807542295820734
0,0,0.08115395702702677
0,0,0.05888158898770898
1,0,0.00026452289452787235
0,0,0.18257956977831108
0,0,0.15150395321417537
0,0,0.095232263819175
0,0,0.03774102341226125
0,0,0.14116530322327211
0,0,0.0699115077636971
0,0,0.001903216290557024
0,0,0.034082839899450705
0,0,0.11161514420668095
0,0,0.1325667379832763
0,0,5.582495577819062e-05
0,0,0.3168053675332544
1,0,0.3977065754892473
1,0,0.4015000530620741
0,0,3.2569458711149664e-05
0,0,0.2885384790733792
0,0,0.0016541257689886093
0,0,0.0003830604753905964
0,0,0.18797348478231035
0,0,0.23515685160750868
0,0,0.012974931635359002
0,0,0.09614767736684492
0,0,0.040342608027128225
0,0,0.11486380067894422
0,0,0.16985929006616995
0,1,0.5481040677265205
0,0,0.0865749326255764
0,1,0.5013694982174223
0,0,8.73613215281799e-05
1,0,0.0964158897729066
0,0,0.1479361963004404
0,0,0.07230251894269961
0,0,1.8981828673267935e-05
0,0,0.00025681949888221807
0,0,0.048983763741666436
0,0,0.000259123486411279
0,0,0.0747665664130967
0,0,0.18397889795880523
1,0,0.06786200196235596
0,0,0.13969458977258847
0,0,0.05801425982392669
0,0,0.13239334651992343
0,0,0.18824281146733446
0,0,0.04477064550609719
0,0,0.09762647489655724
0,0,0.06321249741656389
0,0,0.04917027734913216
1,0,0.1752789371390391
0,0,0.10686021678381118
0,0,0.08555698249309639
0,0,0.12134057756164181
0,0,0.05569902324802759
0,0,0.0957057720369847
0,0,0.25360142069450736
0,0,0.11714594939287715
0,0,0.00016231619425274263
0,0,0.00011389592396186673
0,0,0.05594941536394465
0,0,0.05677446714346498
0,0,0.2550221443290155
0,0,0.11466313790845963
0,0,0.05041868705150902
0,0,0.11476861799743968
1,0,0.07980544630216814
0,0,0.08724794864589222
0,0,0.04782607438739
0,0,6.078804282964746e-05
0,0,0.08630010234958689
0,0,0.07773742824199358
0,0,0.09289114808863899
0,0,0.11011822288131981
0,0,0.24112601476020723
0,0,0.1331501649034448
0,0,0.05657341881804293
0,0,0.00021297527667997877
0,0,0.15076879129912493
0,0,0.2185391611132606
0,0,0.09947601964162928
0,0,0.027639193027131696
0,0,0.07590243476379922
0,0,0.032490931975022695
0,0,0.08260002430371799
0,0,0.078448737367715
0,0,0.049596206108404
0,0,7.688745882718082e-05
1,0,0.06764515212127754
1,0,0.49684282983600386
0,0,0.3384013556031529
0,0,0.059677837289453285
0,0,0.06281967340155978
0,0,0.11326857779078665
1,0,0.11633205747405649
0,0,0.3233010211214203
0,0,0.05755046926433142
0,0,0.18774443565862395
0,0,0.05549305423263471
0,0,0.06619785399128371
0,0,0.15258822512210019
0,0,0.1473021321323496
0,0,0.22491902224373697
0,0,0.1140630887463332
0,0,0.048483739637422286
0,0,8.984381208502715e-05
0,0,0.03836654806849407
0,0,0.06758565243595559
0,0,0.08298320693673998
0,0,0.08533528058847466
1,0,0.08718322988061959
1,0,0.0004747391022233538
0,0,0.10479702924667988
0,0,0.1185320093852892
0,0,9.396121433850616e-05
0,0,0.09077533857080197
0,0,0.095699052068137
0,0,0.08613379351813828
0,0,0.035867503137544
0,0,0.2033427556066825
0,0,0.1919914628719089
0,0,0.08634930749798066
1,0,0.03294197973541341
0,0,0.00025017551942761984
1,0,0.026007025582565204
0,0,0.06153401099506941
0,0,0.024886119563252356
0,0,0.0722040032319379
0,0,0.11148373804383964
0,0,0.043554182433481525
0,0,0.12477048469599529
0,0,0.16733983662589835
0,0,0.09377310076810813
1,0,0.00014484591517005188
0,0,0.11829691973533202
0,0,0.15155310973825856
1,0,0.40080777246412175
0,0,0.14368873737839966
0,0,0.02215631213825151
0,0,0.1677521413841844
0,0,0.09851160034467055
0,0,0.1040313305616597
0,0,0.1283499320457619
0,0,0.12293869299750947
0,0,0.10588869348188583
0,0,0.20535477305690186
0,0,0.09468337535687611
0,0,0.10893870318889134
1,0,0.09156902301277303
0,0,0.03915839711113982
0,0,0.0026048748224705978
0,0,0.12121183659050204
0,0,0.13589455781676957
0,0,0.28453979312903027
0,1,0.6548678586164361
1,0,0.025266073064121312
1,0,0.47276753110235137
0,0,0.05389719700150675
0,0,0.00020847608194984928
0,0,0.0677731730600515
0,0,0.14919222520794942
0,0,0.07988511675570727
0,0,0.050093976715568825
0,0,0.0001256772921077792
0,0,0.0001840628460128229
0,0,0.04489820699830682
0,0,0.11078433873605151
0,0,0.04819779268524572
0,0,0.2010593899725403
0,0,0.10448279884691011
0,0,0.12276881228378958
0,0,0.23458753416951936
0,0,0.057328250122472973
0,0,0.05365653319356554
0,0,8.657162391790297e-05
0,0,4.996961453498155e-05
1,0,0.18675258148191012
0,0,0.08079455832297561
1,0,0.30591897371957777
0,0,0.06393625392890526
0,0,0.2256805718716111
0,0,0.027329450882332473
0,0,0.24953000949260024
0,0,0.05396529706513853
0,0,0.154530819296709
1,0,0.2130661685109824
0,0,0.08485135925687952
0,0,0.1391574650713749
0,0,0.07541169088668934
0,0,0.0030960565887175554
1,0,0.00015700495556153255
0,0,0.1290353856055885
0,0,0.08159458847403889
0,0,0.1706750069844228
0,1,0.9682218723362506
0,0,0.06072308882389213
0,0,0.0512038409804257
0,0,0.036632548482665575
0,0,0.0002455972239977465
0,0,0.15166750126912532
0,0,0.10169607240631043
0,0,0.11579931254890069
0,0,0.04823773557777191
0,0,0.04530792944823942
0,0,0.2274040533138059
1,0,0.07921566444722757
0,0,0.00027276821681993945
0,0,0.07072584328187352
1,0,0.05384824549904327
1,0,0.10162518222918976
0,0,0.1285359362522021
0,0,0.042612650396427906
0,0,5.1013044805771765e-05
0,0,0.09618003385632574
0,0,0.2268274859538635
0,0,0.14907440234081604
0,0,0.22638055240898652
0,0,0.25817539470485784
0,0,0.02485268167379361
1,0,0.06637442912378301
0,0,0.07499860937718371
0,0,0.04607673203186862
1,0,0.20341473871180205
1,0,0.070912353790852
0,0,0.06973653973131201
0,0,0.06745434001129808
0,0,0.07020933756290405
0,0,0.09825972725504772
0,0,0.04140676276194505
0,0,3.6456660206333076e-06
0,0,0.14226445539394178
0,0,0.06920275199708005
0,0,0.04380239294590691
0,0,0.12715075649067484
0,0,0.00014724930845983638
0,0,0.1424452356095408
0,0,0.06655383643426799
0,0,3.161491777452722e-05
1,0,0.39467179807540514
0,0,0.0957795038496936
1,0,0.08561999256378056
0,0,0.2076326143703815
0,0,0.2588737993235544
1,0,0.09905713081008383
0,0,0.060617487826368374
0,0,0.0010290025897182619
0,0,0.0002823057448094991
0,0,0.1268265593978838
0,0,0.3344560103106396
0,0,0.17394139270294817
0,0,0.04475654515202781
0,0,0.20191014651595196
0,0,0.0574287597830418
0,0,0.10956271919389471
0,0,0.06809671681665205
0,0,0.03027560033812875
0,0,0.06256168651160113
0,0,0.47494556633776086
0,0,0.11246097125544813
0,0,0.0004393176255063012
0,0,0.11058116523637984
0,0,0.10422069512163706
0,0,0.08298575446823186
0,0,0.09969376126928882
0,0,0.08505505754502224
0,0,1.6344841262284916e-05
1,0,0.12817929761764785
0,0,1.8227639717483672e-06
0,0,0.11133866872876232
0,0,0.17515186189561371
0,0,0.057663414622078496
0,0,0.09584189785040285
0,0,0.07395755486846001
0,0,0.06302967337238623
0,0,0.15890996155541942
0,0,0.2516270709318705
0,0,0.20405775613621033
0,0,0.07168663117137739
0,0,0.06248576726022298
0,0,0.18019045861405292
0,0,0.0773079290326894
0,0,0.21547799150076444
0,0,0.07484303830107725
0,0,0.12848031345541733
0,0,0.056746940226672204
0,0,0.14882188244308364
0,0,0.15434855300738337
0,0,0.1002148528353015
0,0,0.06324585763407813
0,0,0.30843542332256657
0,0,0.1409530481526114
0,0,0.057358357380866525
0,0,0.46724702621520464
0,0,9.259229218330406e-05
0,0,0.17526320649165306
0,0,0.03678832341574278
0,0,0.21150329149988675
0,0,0.08524860107617088
0,0,0.08642919389840206
0,0,0.07011828522665817
1,0,0.12912423879573837
0,0,0.041666175740909556
0,0,0.18193084094533274
1,0,0.04487680762345067
0,0,0.016087944959365278
0,0,0.10075978139202418
0,0,0.13416875351472787
1,0,0.14894453092029228
0,0,0.10024406132265697
0,0,0.14471225843619026
0,0,0.0830548383692477
0,0,0.1238721533478289
0,0,0.04070193142762879
0,0,0.3909540600331307
0,0,0.10002479385961233
0,0,0.15972742657151937
1,0,0.04460431511407206
1,0,0.1878924762296626
0,0,0.06998672366949388
0,0,0.00015171817693103
0,0,0.14093421999670697
0,0,0.08507703800818073
1,0,0.00015216962712012415
0,0,0.0914287481321813
0,0,0.18443885458090253
0,0,0.22043982310431923
0,0,0.16766411236708653
0,1,0.6125710314946092
0,0,0.14967042259094737
0,0,0.12416400162093015
0,0,0.04678943238501152
1,0,0.13961443161173898
1,0,0.2909376794810993
0,0,0.10100465683113806
0,0,0.07206594858151177
0,0,0.06885616929439602
0,0,0.2167275883358764
1,0,0.2538392773445186
1,0,0.06481680402086511
0,0,5.645703210118596e-06
0,0,0.02765986418993065
0,0,0.2556719278416744
0,0,0.11180065327380288
0,0,0.07610371598981087
0,0,6.410201607964022e-07
0,0,0.03611613264858652
1,1,0.5032119471140174
0,0,0.20896669344684426
0,0,0.10793812737276626
0,0,0.07537536736599054
0,0,0.2541550255494642
0,0,5.64932238156141e-07
0,0,0.33554858455750136
0,0,0.0002521379706139473
0,0,0.037280325191349384
0,0,0.1563123260737114
0,0,0.06408706137262223
0,0,0.05447666778449829
0,0,0.053575228382244405
0,0,0.06846255542004939
1,0,0.13776767823341018
0,0,0.06230149651656452
0,0,0.05692158214876367
0,0,0.04991045318270727
0,0,0.06665706893499382
0,0,0.0001830313690415409
0,0,0.052790576053082815
0,0,0.08911128764922037
0,0,0.12860283700659728
0,0,0.10891102931263613
0,0,0.19297632058734387
0,0,0.06769966475557973
0,0,0.2768031147541722
0,1,0.6485221077251119
0,0,0.06314218270147032
0,0,0.22799767275008842
0,0,0.060978101779399864
0,0,0.00023768554468672475
0,0,1.431232293905157e-06
0,0,0.1389452393183199
0,0,0.2402159776719708
0,0,0.0591630998168164
0,0,0.11452196786936869
0,0,0.026490679924922992
0,0,0.06569474878216751
0,0,0.14117143800686702
0,0,0.017516861970606423
0,0,0.10539029254594666
0,0,2.8023288369719806e-05
0,0,0.03598959195221918
0,0,0.0006200650144582737
0,0,0.17543058853918705
0,0,0.021080224752649892
0,0,0.15741951777865354
0,0,0.06509925679020492
0,0,0.07762161919023862
0,0,0.11084248487577959
1,0,0.09478814683471042
0,0,0.0003220294694554511
0,0,0.1342893178809414
0,0,0.032742317564911874
0,0,0.064494924195007
0,0,0.1582210499277042
0,0,0.14474850297090527
0,0,0.04407735896688375
1,0,0.09086287782013848
0,0,0.14214842028643335
0,0,0.06820787826178985
0,0,0.09681147695287479
0,0,0.0544565962671108
0,0,0.08491438319146076
1,0,0.15359210631927975
0,0,0.07575346286013619
0,0,0.09719897701443558
0,0,0.061305415635772964
1,1,0.7370487711470983
1,0,0.0962515999028995
0,0,0.00044785139782640493
1,0,0.1392166838827816
0,0,0.00035162665931731473
0,0,0.24124507048543076
1,0,0.10900492771383478
0,0,0.0840546831142006
0,0,0.050640855860881934
0,0,0.05876499570982995
1,0,0.0859879752476283
0,0,0.07360581803472499
0,0,0.149466770777205
0,0,0.2838049973529918
0,0,0.055975872875936555
0,0,0.2635354787740561
0,0,0.04952925239029531
0,0,0.06182462532841808
0,0,0.022186516779748314
0,0,0.0003036986927965529
0,0,0.054654187726217614
0,0,0.05880093708250584
0,0,0.32129843895142896
1,0,0.24368566656955237
0,0,0.13796426394531525
0,0,8.066523763699155e-05
0,0,0.06489183919297241
0,0,0.3118408362848154
0,0,0.023735044124707904
0,0,0.11812658037929143
0,0,0.0854880311088458
0,0,0.0003932429198528195
1,0,0.00047094589953045285
0,0,0.18168155040189557
0,0,0.14455480997662765
0,0,0.06057685280516852
0,0,0.06039861400808588
0,0,3.7262165584610514e-05
0,0,0.3265880913758579
0,0,0.07284031373964459
0,0,0.09324728362624178
0,0,0.06824774148253934
0,0,0.025470559769044294
0,0,0.327707050018215
0,0,0.2618160655011833
0,1,0.5539378012895437
0,0,0.08548616704982459
0,0,5.709433877087928e-05
0,0,0.24958628459957116
0,0,0.15582454982154267
0,0,0.057939225491443966
0,0,0.11689237815498796
0,0,0.06260446896905796
1,1,0.5667214723388115
0,0,0.024419653796174418
0,0,0.47423754802427415
0,0,0.00013838917923635923
0,0,0.07082235844866282
0,0,0.21793003187529436
0,0,0.05132508107228428
1,0,0.12873882211890975
0,0,0.057282830147498784
0,0,0.02833307564751339
0,0,0.09801809087170091
0,0,0.07252086435085164
0,0,0.11154421134340231
0,0,0.07031006648622576
0,0,0.08145757400118973
0,0,8.814202950710975e-05
0,0,0.03179039862120653
0,0,0.2289095733755118
0,0,0.238512635805317
0,0,0.23850044585423216
0,0,0.14593360547390716
0,0,0.07730254431802766
1,0,1.2213247012502893e-07
0,0,0.06973161641309046
0,0,0.0356903187206711
0,0,0.048647633830053216
0,0,0.025041053466918258
0,0,0.00011715349788698664
0,0,0.031232269548118786
0,0,2.3523923314281886e-07
0,0,0.13468506018196025
1,0,0.04200474846872247
1,0,0.06289938708328212
0,0,0.06440789288340015
0,0,0.204777019233982
0,0,0.00013094538933101674
0,0,0.1665910145278124
1,0,0.28579303828633024
0,0,0.09560222026280438
0,0,0.07677148057454462
0,0,0.028190274460018247
0,0,1.5476519116918264e-06
1,0,0.18950191173763897
0,0,0.2254391226900462
0,0,0.0002690075648779864
0,0,0.0529037221623734
0,0,0.14922897615882577
0,0,0.0995378621746163
0,0,0.17716969651996092
0,0,0.08276712020936267
0,0,0.031682563224869405
0,0,5.787348176158439e-05
0,0,0.07227194590440693
0,0,0.07872302301465393
0,0,0.09507740596308378
0,0,0.09513887204605007
0,0,0.1370367201402546
1,0,0.00018251005889713994
0,0,0.04016898669619191
0,0,0.0604398437822474
0,0,0.14653605185410143
0,0,0.0059694824666415795
0,0,0.050430290158229106
0,0,0.04032943597524991
0,0,0.03169167337632236
0,0,0.15079264549904237
1,0,0.10973649176383586
0,0,0.43394380464824395
0,0,0.06164580091912989
0,0,0.25677046220116717
0,0,0.07370380680124794
1,0,0.08002348260222053
0,0,0.13693423427790155
0,0,0.06023892868336937
0,0,0.00015434211953074684
0,0,0.03798008416276134
0,0,0.2318903315581465
0,0,0.1182750561032462
0,0,0.04449287352723909
0,0,0.14895660966463511
0,0,0.13771128585187367
0,0,0.10257765030400227
0,0,5.548235910798468e-05
0,0,0.10429904274844452
0,0,0.2046398586500401
0,0,0.07333324478665516
0,0,0.06784611788876604
0,0,0.04600180850477827
0,0,0.143656030244434
0,0,0.1298497005462204
0,0,0.12223637065997632
0,0,0.3708087305185817
0,0,0.08876011092918344
0,0,0.09240713688245279
1,0,0.09190758187710943
0,0,5.020421743800597e-05
0,0,0.13433508680692519
0,0,0.00014093917682649228
1,0,0.07139706943516762
0,0,0.10330282115275062
0,0,0.28657925712035687
0,0,0.19736664215149502
1,0,0.0003143017608160794
0,0,0.09715879329646808
0,0,0.10916001288870356
0,0,0.0001381001127064224
0,0,4.468674052412098e-05
0,0,0.07926216669595648
0,0,0.06790288911913542
0,0,1.3824048700784418e-07
0,0,0.04425096825607381
0,0,0.0773001437378232
0,0,0.08295028450864643
0,0,0.18843940077653942
0,0,0.050122374481902154
0,0,0.2067624926416433
0,0,0.1435243448935856
0,0,0.3178570373421612
0,0,0.15521399207264822
0,0,0.13016339163301976
0,0,0.050157497711956656
0,0,0.00015927956139695203
0,0,0.1193524862463349
0,0,0.1009091154482982
0,0,0.13659543279331202
0,0,0.31263114299217926
0,0,0.00011320148736447497
0,0,0.12013293829463442
0,0,0.0947853017837072
0,0,0.048260179080923456
0,0,0.00040342109163694163
1,1,0.7522825401406757
0,0,0.05894008630537786
0,0,8.713606335743684e-06
0,0,0.14424421586230848
0,0,0.06263095413569511
1,1,0.8381387906870786
0,0,0.05089257268963163
0,0,0.280681222256924
0,0,0.2948573881911937
0,0,0.05342874581100362
0,0,0.10727914387730644
0,0,0.2542227609720147
1,0,0.07050242058677376
1,0,0.059865760726641654
0,0,0.10270547560680808
1,0,0.07745081043424924
1,0,0.08259678837574912
1,0,0.11712395745258251
0,0,0.06117521987157293
0,0,0.2702233611377136
0,0,0.04738223626874623
0,0,0.08585146056481291
0,0,0.00021550011531955822
0,1,0.5165078860120083
0,0,0.2512073847621592
0,0,0.13808290339592888
0,0,0.05590303162254349
0,0,0.11062508997265322
1,0,0.41931365167084034
0,0,0.44221107232399276
0,0,0.06862212858922585
0,0,0.05217983613927113
0,0,0.049139726198926294
0,0,0.08284554050043925
0,0,0.09292294871317291
0,0,0.19477846145407648
0,0,0.0003418756782676251
0,0,0.023842880978351105
0,0,0.26839720412019935
1,0,0.12323053224149579
0,0,0.10535893169067966
0,0,0.035778990783851085
0,0,0.05769386626958087
0,0,0.0757020037283931
1,1,0.9984470163762439
0,0,0.07160222689358137
0,0,0.04084286575468221
0,0,1.3454099627093778e-05
0,0,0.09373873465906972
0,0,0.07644288058861105
0,1,0.605690623101636
0,0,0.032063356347460395
0,0,0.13650294791097908
0,0,0.000747147992934568
0,0,0.08783231942856047
0,0,0.1338399376405984
0,0,0.08717044436575874
0,0,0.0005905372801032976
0,0,0.42660225509983457
0,0,0.13849779434333803
0,0,0.05741890018830232
0,0,0.11399300112295042
0,0,0.3560864235506864
0,0,0.31940181281573443
0,0,0.14878882712990005
0,0,0.09545392855162445
0,0,0.08396772721552083
0,0,0.04975928785513953
0,0,0.10284027378634966
0,0,0.1467983430723273
0,0,0.05089844962017001
0,0,3.7581042771759947e-07
1,0,0.11401917352187305
1,0,0.11008591234333967
0,0,0.05750767451334683
1,0,0.14665209446534777
0,0,0.06989739802946343
0,0,0.00014066377322438265
0,0,0.0978947533757337
0,0,0.08666082055462845
0,0,0.10555166701033081
0,0,0.05847961084676175
0,0,0.04880703267603452
0,0,0.15476979136797572
0,0,0.05810629995224385
0,0,0.06413254945366234
0,0,0.09861755612716627
0,0,0.00035861823721483735
0,0,0.061082891155586586
0,0,0.04942292277197829
0,0,0.20428003944493797
0,0,0.21890566760895275
0,0,0.14235106637168038
0,0,0.08201937604058704
0,0,0.054390332096922026
0,0,0.06685644906008477
0,0,0.1149840175817457
0,0,0.0757506893778576
0,0,0.22193850084150335
0,0,0.012899878740271783
0,0,0.06788169131971455
0,0,0.08648327786465675
0,0,0.2126307186871476
0,0,0.05628918175054641
0,0,0.10814985833660809
1,0,0.12739664263882758
0,0,0.06297572296277014
0,0,0.11883492093420736
1,0,0.10372117297695661
0,0,0.060407676248705244
0,0,0.218713758694927
0,0,0.15533299134181408
0,0,0.036606593644589146
0,0,0.00011934564240783613
0,0,0.0493907728038263
1,0,0.3790041930708444
0,0,0.13198884568382338
1,0,0.1727758699863354
1,0,0.057546279271053546
0,0,0.0002360371646688394
0,0,0.06104548800544903
0,0,0.10624456609617079
0,0,0.10370053726266042
0,0,0.16827355040845976
0,0,0.009746951439198336
0,0,0.0001856231180381549
0,0,0.102327712370987
1,0,0.3184982147035792
1,0,0.10840006563865082
0,0,0.047982590621747284
1,0,0.10945817255566609
0,0,0.10968348753471499
0,0,0.044134858387130486
1,0,0.32781771654432157
0,0,0.00020980849593237383
0,0,0.06770272237030468
0,0,8.535287582051274e-05
0,0,0.04267848005665684
0,0,0.10897793876507708
0,0,0.10505979751724494
0,0,0.018877152229611293
0,0,0.11675926050533689
0,0,0.15102024494445182
0,0,0.08846273305804991
0,0,0.08072624781366572
0,0,0.13656963690465987
1,0,0.08687014166548487
0,0,0.09958895111464551
0,0,0.19148347807000804
0,0,0.05378475672609963
0,0,0.06374472853333674
0,0,0.05301677239437226
0,0,0.015242523212287409
0,0,0.06457179215715138
0,0,0.06678812338105894
0,0,0.030019118460685015
0,0,0.14374372345883246
0,0,0.32268236399871664
0,0,0.10697819282388446
0,0,0.03148716655615554
0,0,0.06608274541082475
0,0,0.07474797971052834
0,0,0.0003857829328683181
0,0,0.07110455317875077
0,0,0.16712370305836735
0,0,0.10030668847496861
1,0,0.019776187904961218
0,0,0.00016769101787050394
0,0,0.13584739230505463
0,0,0.056304586008823876
0,0,0.19453819006348982
0,0,0.05134981367261622
0,0,0.09155227477002643
0,0,0.09251453703578402
0,0,0.09006920847870796
0,0,0.05084224830012474
0,0,0.18567245545835892
0,0,0.08790527149202643
0,0,0.06529871379486063
0,0,0.05692091799876252
1,1,0.5023252120137431
0,0,0.24396469496397022
0,0,0.1240574710432762
0,0,0.08100180432978477
0,0,0.00013462648268843525
0,0,0.18117927495222869
0,0,0.057634799602156124
0,0,4.8449289785244964e-05
0,1,0.6097776882933983
0,0,0.11125350442436312
0,0,0.0004351101145575615
0,0,0.042902989563222464
0,0,0.09384994868704724
0,0,0.0959217765013852
0,0,0.00020905029310103776
0,0,0.06221242577274176
0,0,0.03479910993131929
0,0,0.06178036927781398
0,0,0.05110166325793371
0,0,0.2836164924665037
0,0,0.1478972453865591
0,0,0.00919100837496206
0,0,0.10502007560114142
0,0,0.09974237577861776
0,0,0.3995641724555798
1,0,0.00042157054158988743
0,0,0.08908030292880163
0,0,0.044390642678833754
0,0,0.2364211670494953
0,0,0.14765585389222208
0,0,0.041257511361895934
0,0,0.14133693529078653
1,0,0.15099905444410416
0,0,0.08167293151149854
0,0,0.05468347584788334
0,0,4.509495390326785e-05
0,0,0.12541038268095359
0,0,0.315274606849863
0,0,0.07042710333584581
1,0,0.10918939101659045
0,0,0.07788686198615266
0,0,1.9566492725265158e-08
0,0,0.08172802808477088
0,0,0.10206705864856973
0,0,0.09716190344525939
0,0,0.06773412467046926
1,0,8.540309779951744e-08
0,0,0.0862879654248809
0,0,0.06878084234100311
0,0,0.16406508692068159
1,0,0.08827147482804719
1,0,0.10970866675785186
0,0,0.05204791093419525
0,0,0.04158059743499268
0,0,0.39732607734886266
0,0,0.014518677739494577
0,0,0.021986978419431074
0,0,0.12440329569350135
0,0,0.3209030106172982
0,0,0.08392735450389634
0,0,0.10129378608869498
0,0,0.0009386112401693074
0,0,0.0880327929595182
0,0,0.0701801262663246
0,0,0.3063228631289473
0,0,0.1408845278119768
0,1,0.6721387082370736
0,0,0.11119544700483312
0,0,0.17605786892108036
0,0,0.00023985647924678813
0,0,0.06451456129779737
0,0,0.04466089611011678
0,0,0.05124190617349566
0,0,0.1822682524343513
1,0,7.499664302548716e-05
0,0,0.1506746119159442
0,0,0.18084910246890515
0,0,0.08365561637239347
0,0,0.12943399845889905
0,0,0.457281701201038
0,0,0.014305009378937122
0,0,0.09137878243171665
0,0,0.14880961147932556
0,0,0.037264642007269234
0,0,0.09862658565432561
0,0,0.14422925156989724
0,0,0.09890148833924048
0,0,0.11996477413535028
0,0,0.05955574754777906
1,0,0.21223875213641052
1,0,0.08260938818575415
0,1,0.5734325464548494
0,0,0.0694925009737233
0,0,0.3861647832230878
0,0,0.00947751120328372
0,0,0.08303817956113747
1,0,0.0413880334078656
0,0,0.033542678300635065
0,0,0.0644694821115413
0,0,0.09942265805248722
0,0,0.11075856311197957
0,0,0.1422985344907696
0,0,0.00024200608599778714
0,0,0.14209653394746005
1,0,0.45940787155584656
0,0,0.0822075174368381
0,0,0.00010611015115422177
0,0,0.11931875096080868
0,0,0.1593478733405641
0,0,0.0857153201991064
0,0,0.3463038948493583
0,0,0.2875219421623148
0,0,0.06704596390028669
0,0,0.20302333115150217
0,0,0.09210332585833546
0,0,0.19913353299216238
1,0,0.00012330812959458586
0,0,0.06669951926604417
0,0,0.0970588152701217
0,0,1.5996108688902666e-05
0,0,0.03435673544228253
0,0,0.28151480804955414
0,0,0.031549260384988266
0,0,0.013089804959964802
0,0,0.0383141314163963
0,0,0.07603563382185016
0,0,0.08212771806999092
0,0,0.15584489561895346
0,0,0.11351897986563937
0,0,0.09732878284182425
0,0,0.06152720179069674
0,0,0.05950943761176392
0,0,0.00012526727886600733
0,0,0.03145718206092932
0,0,0.23232184397607275
0,0,0.00010134654983914772
0,0,0.11826409742136977
1,0,0.20195931458068164
0,0,0.08056204090481876
0,0,0.08665515914587521
0,0,0.03227597572766617
0,0,0.018305168027765415
1,1,0.5429021245878253
1,0,0.09775884465249181
0,0,3.346909059954002e-09
0,0,0.044216457746300564
0,0,0.03611936923942287
0,0,0.02749524581019428
0,0,0.09779248935618409
0,1,0.9998040926254114
0,0,0.0003228305500029101
0,0,0.05772267501396514
1,0,0.29718154419944853
0,0,0.072809976435536
0,0,0.07232402884302817
0,0,0.0001423564781925155
0,0,0.18567639250858564
1,1,0.5353676067311016
0,0,0.0845678392311208
0,0,0.12975676642861092
0,0,0.00011474181533280506
0,0,0.14394778202567432
0,0,0.09793760386227904
1,0,0.08325374244760768
0,0,0.00626014277053591
0,0,4.948986265890089e-06
0,0,0.10712906561559665
0,0,0.15184497212552625
0,0,0.3700228113405005
0,0,0.05454781351010931
0,0,0.35287166453757246
0,0,0.08994326233398134
0,0,0.07772016825661184
0,0,0.19692925074996068
0,0,0.13121337506443656
0,0,0.1400749058316674
0,0,0.05322442994350505
0,0,0.12965486969519757
0,0,0.0995152002782237
0,0,0.14408104447219067
0,0,0.23347056320292411
0,0,1.0800497783111887e-07
0,0,0.09888107445692834
1,0,0.020489336704425275
0,0,0.04476863471467965
0,0,5.127716875911217e-06
0,0,0.0950751455564906
0,0,0.004059314554143527
0,0,6.66019198909806e-05
0,0,0.07235738725955679
0,0,0.1746649432213961
0,0,0.04672358560729446
0,0,0.02816104996539116
0,0,0.033657790543504956
0,0,0.00011171946159938325
0,0,0.058607414325223525
0,0,0.0615527032833383
0,0,0.06444684888720655
0,0,0.056015458324313885
1,1,0.5671567244902064
1,0,0.10201777415303977
0,0,0.09159788205138529
0,0,1.4404204542040474e-05
0,0,0.2068810927936532
0,1,0.9999883942778828
0,0,0.11501008188033628
0,0,0.06057814889305894
0,0,0.07772213440264852
0,0,0.4461403551787178
0,0,0.00016960974436860588
0,0,3.6999049857529336e-05
1,0,0.1149138785336463
1,0,4.863950556773211e-07
0,0,0.13565540343623592
0,0,0.08582961676253534
0,0,0.028098607856858176
0,0,0.043748593531791856
0,0,0.06714788615117098
1,0,0.05149847011530945
0,0,0.07646971841151937
0,0,0.044380646756130245
0,0,0.05742430593672935
0,0,0.0755369292044495
0,0,0.0945364825057532
1,0,0.11340098227211587
0,0,0.0832728368896249
0,0,0.03551587545056297
0,0,0.12531788862232635
0,0,3.129931953082746e-09
0,0,0.06000754913907579
1,0,0.1739091375997537
0,0,2.5129218949581054e-05
0,0,0.07592874925383837
0,0,0.15430833372303432
0,0,0.16728121679314692
1,0,0.14823729644917433
0,0,0.08376313196153302
0,0,0.026165847206431888
0,0,0.017950427779100584
1,0,0.022223091253977173
1,0,0.09579415591048818
0,0,0.05246800683826539
0,0,0.04675802388568051
0,0,0.22618461641934157
0,0,0.09743255988976905
1,0,0.12608545306922003
0,0,0.06623895547296868
0,0,0.2206131102515113
0,0,0.019964665422020633
0,0,0.09046442000917886
0,0,0.08638858671858082
0,1,0.6657596127028235
0,0,0.049102936518918554
0,0,0.10477856312896767
0,0,0.0341865329387398
0,0,0.04711907787564703
0,0,0.13920341557001992
1,0,0.39427991797405987
0,0,0.14648040582843028
0,0,0.12418537142478082
0,0,0.11600499817811735
0,0,0.06828957146359307
0,0,0.12758918984468323
0,0,0.20656399017224553
0,0,9.552977958794524e-05
0,0,0.09363633317785902
0,0,0.07553543367897433
0,0,0.0526980919707213
0,0,0.11301567446461992
0,0,0.07264959247305702
0,0,0.19679512921990264
0,0,0.09911310519088856
0,0,0.01735509190573357
0,0,0.04048548089889795
0,0,0.06338266737500504
0,0,0.1439000347192931
0,0,0.12081279160999649
0,0,0.12592959590771624
0,0,0.046981977961541195
0,0,0.00017407328973536668
0,0,0.08489087236913781
0,0,0.2983245242663697
0,0,0.04537357660492542
0,0,0.06212724880504098
0,0,0.1285528011118794
0,0,0.07875502982812224
0,0,0.1534272080129337
0,0,0.08531289496797832
0,0,0.0001246345729096549
0,0,0.12885297561052517
0,0,0.39208283511680136
0,0,0.00010956117076533918
0,0,0.012802938983388653
0,0,0.04557043326588763
0,0,0.07917403094381158
0,1,0.8478115386979341
0,0,0.055812200091645205
0,0,0.12021212481394461
0,0,0.11646356612661854
1,0,0.37519049416745326
1,0,0.04735170009316796
0,0,0.08472588144016266
0,0,0.20993668065607274
0,0,0.1680971658897529
1,0,0.17903686619705775
0,0,0.0998439101033444
0,0,0.0715731493476958
0,0,0.1542010658408549
0,0,0.13662066488633007
0,0,0.11139239600788617
0,0,0.037410324478506084
0,0,0.03693094878034427
0,0,0.2798699771734815
0,0,0.05447160922011689
0,0,0.0039014859051823875
0,0,0.2098472087548685
0,0,0.06965164430793247
0,0,0.05931509533093962
0,0,9.950238063778816e-05
0,0,0.277814821625642
0,0,0.16883903797094724
0,0,0.12399978867899342
0,0,0.08016895590464161
0,0,0.2667310274427791
1,0,0.13013693513146501
0,0,0.11470775986230249
0,0,0.07424243968876672
0,0,0.05910856022341517
0,0,0.08556043871951963
0,0,0.11752774511590165
0,0,0.32965054312032854
0,0,0.1136541998473693
0,0,0.0005535933540049443
0,0,0.10647651267643306
0,0,0.0006503199005263689
1,0,0.482546640617523
0,0,0.13448567676938866
0,0,0.15216487639095005
0,0,0.00011245875907324106
0,0,4.630871534700931e-06
0,0,0.19390008107341486
0,0,0.15060517135992774
0,0,0.07651807325814132
0,0,0.001956531102835905
1,0,0.07929241542835387
0,0,0.2757872739399293
0,0,0.0467767617079052
0,0,4.331800775279827e-05
0,0,0.09180152510265063
0,0,0.042696933120008274
0,0,0.06080677115850604
0,0,0.03997557309938206
0,0,5.88206830121924e-06
0,0,0.12427711724393238
0,0,0.07307176083907535
0,0,0.00015610394483145054
0,0,0.00046878720184686075
0,0,0.06771822648276357
0,0,0.10777686924578005
0,0,0.09478518340839136
0,0,0.057809066700412526
0,0,0.0856419420497411
0,0,0.09907182241463498
0,0,0.07754965089849139
0,0,0.06251810400004928
0,0,0.07327503714913725
1,0,0.0710168314156134
1,0,0.05558441824631846
0,0,0.2541552721843459
0,0,0.045165429000754855
0,0,0.00017183919555113363
0,0,0.3652036184205265
0,0,0.00020717950494435292
0,0,0.025404754164215986
0,0,0.20417370576535807
0,0,0.01953496303516844
0,0,0.15273548182718089
0,0,0.1939728568222167
0,0,0.16079974044583284
0,0,0.13966315170336147
0,0,0.06442669560026282
0,0,0.0976997368690107
0,0,0.07934181475267339
0,0,0.12957151103322026
1,0,0.06225155380293811
1,0,0.03496262081131498
0,0,0.38007810420388793
0,0,0.09564349625149432
1,0,0.08776237243431505
0,0,0.1512661005743483
0,0,0.13773957954535165
0,0,0.12733253681530904
0,0,0.00012928546014543335
1,0,0.05856182781103903
0,0,0.08541141107773619
0,0,0.2679351873083202
0,0,0.050887612891763516
0,0,0.0015883387889404125
0,0,0.11762626946120948
0,0,0.13471260695432172
0,0,0.03840474424206273
1,0,0.17080651985181253
0,0,0.1885032739616065
0,0,0.07785015429990655
0,0,0.23086340704474817
1,0,0.11045955906064171
0,1,0.9998016419528835
0,0,0.042165288306096435
0,0,0.08448761726666515
0,0,0.052122328719458516
0,0,0.06787365969843036
1,0,0.09774746116920414
0,0,6.9920782475002194e-06
0,0,0.09088165225018337
0,0,0.013426436598182162
0,0,0.0006325019830979795
0,0,0.09375962053579545
0,0,0.06823526889710657
1,0,0.14730220588909693
0,0,0.12637203809743563
0,0,0.07144264686135679
0,0,0.05572796160802189
0,0,0.130181044112548
0,0,9.639603472543374e-05
0,0,0.1915677087150455
0,0,0.16461434366307043
0,0,0.04881970279046921
0,0,0.11259607653795506
1,0,0.18944061640790621
0,0,0.00046782671313174
0,0,0.049446449175959986
1,0,0.07467221862009123
0,0,0.07549588066618766
0,0,0.09713244214930243
0,0,0.0007052159378169957
0,0,0.18820817945616813
0,1,0.8219749191628967
0,0,0.0013448010175931202
0,0,0.1198700827268137
0,0,0.15552619996809744
0,0,0.17651556417476535
0,0,0.03951300947158919
0,0,0.06012559768840092
0,0,0.09095140595399949
0,0,0.12164401061651962
0,0,0.19197859372075635
0,0,0.11040286719460148
0,0,0.03573788746529905
1,0,0.1895130101042155
0,0,0.1321760613923437
0,0,0.08335087070819125
0,0,0.09160706218831619
0,0,0.23911146478777898
0,0,0.10371927297223668
0,0,0.07607079542922915
0,0,0.09607145632402718
0,0,0.00024016320088688587
0,0,0.2723068130534042
0,0,0.056419284784914286
0,0,0.14838334789378135
0,0,0.11459697580053513
0,0,0.1817114204674885
0,0,0.08327157303292683
0,0,0.10213212986478462
0,0,0.05770675788655211
0,0,0.1483392386787742
0,0,0.1600440136389025
0,0,0.07147182318515823
0,0,0.0904752042832465
0,0,0.39537745028824683
0,0,0.0013966846947691524
0,0,0.1100067983913812
0,0,0.09747593033720733
0,0,0.0685206613763387
0,0,0.06148841793282931
0,0,0.010701243383460768
0,0,0.10035877533861291
0,0,0.0946865292095914
0,0,0.056794853772839285
0,0,0.1537060501056717
0,0,0.13228605259415646
0,0,0.050803392133523334
1,0,0.0776428640863061
0,0,0.08779924421052211
0,0,0.10338426434205883
0,0,0.05061507343282662
0,0,0.07264457166009453
0,0,0.10231916434352306
0,0,0.03096086722540954
0,0,0.123349911209111
1,0,0.15702737522360274
0,0,0.11027877912883227
0,0,0.20146205022720068
0,0,0.10815624682188042
0,0,0.1870476368554877
0,0,0.08119621473699092
0,0,0.04485882829747445
0,0,0.09425456608154893
1,0,0.04277481576323386
0,0,0.0833446004138178
1,0,0.19510782458814058
0,0,0.17029552457644503
0,0,0.14334403071508284
0,0,0.06389596362829773
0,0,0.10093414971812924
0,0,0.29374411779714976
1,0,0.1011709838071451
0,0,0.0008504765687545092
0,0,0.10608004797688686
0,0,0.07610248323677825
0,0,0.1674135858495237
1,0,0.150839896721515
1,0,0.02196291282164866
0,0,0.12084694021109715
0,0,0.08082529943647962
0,0,0.030319617714615135
0,0,5.9192578219079454e-05
0,0,0.16927918909061312
0,0,0.07559444839257676
0,0,0.07706737379309807
1,0,0.13016321383393786
0,0,0.16165824402011597
0,0,0.05452419393268803
0,0,0.1762464132436929
0,0,0.3053680143110112
0,0,0.16489776972903966
0,0,0.12120169536113112
0,0,0.41210767768692724
0,0,0.05638313622543075
0,0,2.781102731019362e-05
0,0,0.009549730246314513
0,0,0.03535909551418891
1,0,0.3010345337890756
0,0,0.09414403692870665
0,0,0.13590492877809512
0,0,0.152120075631086
0,0,0.17439488618876106
0,0,0.04200883847038679
0,0,0.14227993236354597
0,0,0.23490964766130004
0,0,0.031860457921536016
0,0,0.045735829502626814
0,0,0.07017497541731926
0,0,0.03422025091855969
0,0,0.07025622139677301
0,0,0.1187260456271686
0,0,0.08191636073272018
1,0,0.14708086789286579
0,0,0.07659525329558795
0,0,0.00020317936233719549
1,0,0.06246254772671673
0,0,0.04091707731202665
0,0,0.04076359687286551
0,0,1.1372044579975347e-06
0,0,0.032962359209866
0,0,0.039268395559224165
0,0,0.014200191037794383
0,0,0.11776515209826978
0,0,0.0875814222693119
0,0,0.12827527016914303
0,0,0.1353755821476643
0,0,0.07330785885513187
1,0,0.1520238894739797
0,0,0.07259165685674013
0,0,0.3659430052826383
0,0,0.07890936295160561
0,0,0.11885785349700709
0,0,0.11448056653365687
0,0,0.14073985046748833
0,0,0.0912424770155115
0,0,0.11493528358483379
0,0,0.21548445111313572
1,0,0.12044752075825299
0,0,0.11417588939691961
0,0,0.11645161927175617
0,0,0.08117868611584603
0,0,0.09967728870567354
0,0,0.24909189124173972
0,0,0.3456133855255759
0,0,1.2518657671602631e-06
0,0,0.08247306905401426
